Acceleration x (m/s^2),Acceleration y (m/s^2),Acceleration z (m/s^2)
-0.786042213,-9.343074799,-2.230708838
-0.84855473,-9.316754341,-2.252244234
-0.838983417,-9.335896492,-2.273779631
-0.855733216,-9.316754341,-2.324328184
-0.860518873,-9.314361572,-2.362613201
-0.894018352,-9.300004005,-2.37936306
-0.896411181,-9.300004005,-2.393719912
-0.91316092,-9.26889801,-2.400898457
-0.901196837,-9.273683548,-2.417648077
-0.898804009,-9.283254623,-2.381755829
-0.908375323,-9.280861855,-2.415255308
-0.917946577,-9.302396774,-2.400898457
-0.925125063,-9.333503723,-2.360220432
-0.910768092,-9.345467567,-2.355434895
-0.905982494,-9.362217903,-2.305185556
-0.872482956,-9.37687397,-2.302792788
-0.872482956,-9.422337532,-2.230708838
-0.877268612,-9.439086914,-2.201995134
-0.874875784,-9.479764938,-2.154138565
-0.882054269,-9.510871887,-2.118246317
-0.846161902,-9.534799576,-2.063211441
-0.846161902,-9.551549911,-2.00099802
-0.855733216,-9.606584549,-1.965105653
-0.874875784,-9.635298729,-1.907677889
-0.850947559,-9.640084267,-1.881356835
-0.850947559,-9.664012909,-1.828714728
-0.872482956,-9.671191216,-1.759322882
-0.870090127,-9.695118904,-1.752144337
-0.867697299,-9.690333366,-1.742573142
-0.858126044,-9.680762291,-1.725823283
-0.841376245,-9.68315506,-1.711167336
-0.870090127,-9.656833649,-1.703988791
-0.831804991,-9.659226418,-1.737787485
-0.834197819,-9.63290596,-1.72073853
-0.843769074,-9.644869804,-1.73060894
-0.819541752,-9.616155624,-1.761715651
-0.824626505,-9.618548393,-1.797608018
-0.827019334,-9.611370087,-1.835893154
-0.831804991,-9.58265686,-1.883749604
-0.819541752,-9.565906525,-1.914856315
-0.843769074,-9.58265686,-1.967498422
-0.884447098,-9.565906525,-2.08235383
-0.877268612,-9.568299294,-2.120639086
-0.884447098,-9.561120987,-2.190030813
-0.91316092,-9.563513756,-2.276172638
-0.910768092,-9.570692062,-2.350649118
-0.898804009,-9.551549911,-2.432005167
-0.889232695,-9.539586067,-2.46071887
-0.910768092,-9.537193298,-2.503789902
-0.870090127,-9.546764374,-2.582752943
-0.882054269,-9.551549911,-2.606681108
-0.860518873,-9.527621269,-2.611466885
-0.898804009,-9.532406807,-2.652144909
-0.862911642,-9.5252285,-2.654537678
-0.855733216,-9.503693581,-2.644966364
-0.84855473,-9.527621269,-2.633002281
-0.822233677,-9.508479118,-2.587538481
-0.809970439,-9.486943245,-2.556432009
-0.79082787,-9.503693581,-2.585145712
-0.754935563,-9.503693581,-2.558824778
-0.776470959,-9.503693581,-2.534896374
-0.75972116,-9.534799576,-2.513360977
-0.731007338,-9.494122505,-2.532503605
-0.731007338,-9.467801094,-2.487040043
-0.71186471,-9.477372169,-2.479861498
-0.683150888,-9.472586632,-2.470290184
-0.673579574,-9.467801094,-2.463111877
-0.673579574,-9.439086914,-2.448754787
-0.632901609,-9.42712307,-2.412862539
-0.623330295,-9.400801659,-2.420041084
-0.613758981,-9.352646828,-2.422433853
-0.61615181,-9.36939621,-2.467897415
-0.61615181,-9.326325417,-2.506182671
-0.61615181,-9.304789543,-2.472683191
-0.589830756,-9.297611237,-2.46071887
-0.597009242,-9.252147675,-2.453540564
-0.58265233,-9.228219986,-2.472683191
-0.601794899,-9.204291344,-2.420041084
-0.58265233,-9.192327499,-2.376970291
-0.613758981,-9.144471169,-2.360220432
-0.604187727,-9.139685631,-2.34825635
-0.606580555,-9.11336422,-2.321935177
-0.597009242,-9.075078964,-2.273779631
-0.620937467,-9.048757553,-2.230708838
-0.656829834,-9.03440094,-2.209173441
-0.640080035,-9.015258789,-2.206780672
-0.659222662,-8.967401505,-2.123031855
-0.69511497,-8.936295509,-2.053640127
-0.699900627,-8.941081047,-2.034497499
-0.66400826,-8.953044891,-2.015354872
-0.731007338,-8.943473816,-1.938784599
-0.728614509,-8.93390274,-1.900499344
-0.728614509,-8.931509972,-1.840678811
-0.745364249,-8.917152405,-1.821536183
-0.721436024,-8.943473816,-1.797608018
-0.728614509,-8.974580765,-1.788036704
-0.740578592,-9.00568676,-1.742573142
-0.704686284,-9.060722351,-1.77846539
-0.699900627,-9.06311512,-1.783251047
-0.668793917,-9.108578682,-1.811964989
-0.64725852,-9.122935295,-1.881356835
-0.625723124,-9.221040726,-1.931606054
-0.58265233,-9.302396774,-2.044068813
-0.563509762,-9.374481201,-2.101496458
-0.537188709,-9.446265221,-2.175673962
-0.518046081,-9.518050194,-2.247458696
-0.463011175,-9.587442398,-2.317149639
-0.403190613,-9.642477036,-2.393719912
-0.393619329,-9.673583984,-2.482254505
-0.36011982,-9.738189697,-2.499004126
-0.336191595,-9.800403595,-2.518146753
-0.357726991,-9.798010826,-2.477468729
-0.34337005,-9.826724052,-2.472683191
-0.31226337,-9.814760208,-2.477468729
-0.329013109,-9.814760208,-2.44396925
-0.381655216,-9.783653259,-2.391327143
-0.410369098,-9.728618622,-2.36500597
-0.40797627,-9.692726135,-2.343470573
-0.424726009,-9.637691498,-2.331506491
-0.427118838,-9.620942116,-2.280958176
-0.441475779,-9.620942116,-2.218744755
-0.451047063,-9.606584549,-2.163709879
-0.458225548,-9.577870369,-2.125424623
-0.43908295,-9.556335449,-2.094317913
-0.405583441,-9.534799576,-2.077568293
-0.427118838,-9.522835732,-2.034497499
-0.376869559,-9.496515274,-2.010569334
-0.3912265,-9.520442963,-2.012962103
-0.412761897,-9.530014038,-2.012962103
-0.3912265,-9.544371605,-2.048854351
-0.400797784,-9.573084831,-2.029711723
-0.417547554,-9.5754776,-2.024926186
-0.386440843,-9.611370087,-1.984248161
-0.386440843,-9.652048111,-2.024926186
-0.384048045,-9.71186924,-2.067996979
-0.36011982,-9.731011391,-2.101496458
-0.336191595,-9.786046028,-2.199602127
-0.297906429,-9.836296082,-2.286042929
-0.237786755,-9.862616539,-2.36500597
-0.180359006,-9.915258408,-2.408077002
-0.120538443,-9.956235886,-2.510968208
-0.02961118,-9.956235886,-2.594717026
0.042173497,-9.99691391,-2.601895571
0.121136643,-9.99691391,-2.647359133
0.171385929,-10.01605606,-2.683251381
0.197706968,-10.03041363,-2.73110795
0.283848584,-10.04237747,-2.750250578
0.33200413,-10.00648499,-2.740679264
0.389431894,-10.02802086,-2.769393206
0.401396006,-10.01844978,-2.716751099
0.497108907,-9.994521141,-2.697608471
0.506680191,-9.965806961,-2.640180588
0.544965386,-9.924830437,-2.573181629
0.597607434,-9.944272041,-2.546860695
0.61914283,-9.927223206,-2.513360977
0.631106973,-9.908080101,-2.472683191
0.633499801,-9.872187614,-2.427219391
0.671784937,-9.86022377,-2.350649118
0.671784937,-9.867402077,-2.338685036
0.664606512,-9.900901794,-2.374577284
0.623928487,-9.927223206,-2.355434895
0.604785919,-9.903294563,-2.417648077
0.626321316,-9.876974106,-2.506182671
0.621535659,-9.821938515,-2.618645191
0.633499801,-9.79083252,-2.664108992
0.633499801,-9.776474953,-2.735893488
0.623928487,-9.76211834,-2.858226538
0.602393091,-9.726225853,-2.968296528
0.564107955,-9.759725571,-3.107080221
0.511465848,-9.819545746,-3.121437073
0.506680191,-9.869794846,-3.126222849
0.556929469,-9.86022377,-3.154936552
0.604785919,-9.817152977,-3.166900873
0.700498819,-9.68315506,-3.12383008
0.79621172,-9.606584549,-3.075973511
0.892223716,-9.515657425,-3.095116138
0.908973515,-9.470193863,-3.111865759
0.940080226,-9.494122505,-3.099901676
0.956829965,-9.532406807,-3.133401155
0.937687397,-9.518050194,-3.202793121
0.913759172,-9.5252285,-3.324826956
0.899402201,-9.477372169,-3.466302633
0.863509893,-9.451051712,-3.581158161
0.880259633,-9.443872452,-3.621836185
0.908973515,-9.463015556,-3.652942896
0.906580687,-9.494122505,-3.585943937
0.918544769,-9.479764938,-3.571586847
0.906580687,-9.506086349,-3.495016575
0.865902722,-9.498908043,-3.447160006
0.841675341,-9.508479118,-3.375076294
0.829711258,-9.506086349,-3.332005501
0.808175862,-9.484550476,-3.231507063
0.836889744,-9.503693581,-3.181257725
0.865902722,-9.518050194,-3.114258766
0.923330426,-9.508479118,-3.083152056
0.964008451,-9.515657425,-3.0448668
1.026221752,-9.491728783,-3.01376009
1.095613718,-9.436694145,-2.968296528
1.208076358,-9.396016121,-2.903690338
1.294217944,-9.347860336,-2.910868645
1.399502158,-9.307182312,-2.968296528
1.50269258,-9.259325981,-3.028116941
1.576870084,-9.247362137,-3.080759048
1.670190215,-9.158827782,-3.061616659
1.737189293,-9.110971451,-3.07836628
1.828116536,-9.077471733,-3.059223652
1.887937069,-9.055936813,-3.047259569
1.942971945,-9.032008171,-3.164507866
1.991127491,-8.948259354,-3.186043262
1.957328916,-8.88604641,-3.142972469
1.954936147,-8.821439743,-3.066402197
1.976471543,-8.751749039,-2.915654421
2.012662888,-8.687142372,-2.788535595
2.070090771,-8.639286041,-2.70000124
2.08923316,-8.579465866,-2.66650176
2.108375788,-8.574680328,-2.628216505
2.161017895,-8.553144455,-2.625823736
2.153839588,-8.538787842,-2.628216505
2.139482498,-8.596215248,-2.575574398
2.084447622,-8.598608017,-2.573181629
2.015055656,-8.684749603,-2.57078886
1.942971945,-8.74935627,-2.601895571
1.835294962,-8.801998138,-2.601895571
1.773081541,-8.883653641,-2.599502802
1.639083505,-8.921937943,-2.63539505
1.533799291,-8.998508453,-2.66650176
1.401894927,-9.029615402,-2.656930447
1.334895968,-9.008079529,-2.745464802
1.255932808,-9.03440094,-2.82682085
1.18893373,-9.060722351,-2.843570709
1.088435173,-9.089435577,-2.920439959
1.026221752,-9.091828346,-2.973082066
0.923330426,-9.120542526,-3.011367321
0.853639484,-9.122935295,-2.985046148
0.789033294,-9.110971451,-3.035295486
0.73160553,-9.130113602,-3.042474031
0.712462962,-9.094221115,-3.095116138
0.690927565,-9.134899139,-3.135794163
0.669392109,-9.106185913,-3.21954298
0.659820855,-9.067900658,-3.296113253
0.71485579,-9.036793709,-3.396611691
0.717248559,-9.027222633,-3.478266716
0.743569613,-8.998508453,-3.59790802
0.77946198,-8.979366302,-3.751048565
0.84406817,-8.909974098,-3.868296862
0.911366344,-8.826225281,-3.99302268
0.99750793,-8.761320114,-4.16769886
1.117149115,-8.689535141,-4.299304008
1.208076358,-8.61296463,-4.387838364
1.318146229,-8.538787842,-4.514657974
1.385145187,-8.49332428,-4.529314041
1.459621787,-8.414361,-4.589134693
1.517049551,-8.378468513,-4.569992065
1.581655741,-8.33539772,-4.584349155
1.603191137,-8.333004951,-4.567599297
1.641476393,-8.316255569,-4.565206528
1.674975872,-8.266005516,-4.490729809
1.651047587,-8.227421761,-4.375874519
1.610369682,-8.229814529,-4.292125702
1.562513232,-8.256434441,-4.258625984
1.560120344,-8.191529274,-4.069592953
1.526620865,-8.155636787,-3.875475407
1.497906923,-8.155636787,-3.77497673
1.476371527,-8.158029556,-3.825226068
1.493121386,-8.158029556,-3.834797382
1.488335729,-8.160422325,-3.875475407
1.507478237,-8.169993401,-3.810869217
1.476371527,-8.15085125,-3.827618837
1.517049551,-8.148458481,-3.825226068
1.521835208,-8.136494637,-3.834797382
1.526620865,-8.155636787,-3.937688828
1.536192179,-8.169993401,-3.983451605
1.560120344,-8.169993401,-3.9185462
1.564906001,-8.148458481,-3.827618837
1.572084427,-8.160422325,-3.841975927
1.572084427,-8.184350967,-3.815654755
1.524227977,-8.258827209,-3.904189348
1.572084427,-8.301898003,-3.877868176
1.591227055,-8.328219414,-3.897010803
1.581655741,-8.376075745,-3.966402531
1.591227055,-8.426324844,-3.988237143
1.615155339,-8.440681458,-4.036093712
1.615155339,-8.455039024,-4.083950043
1.643869162,-8.443074226,-4.04087925
1.713261008,-8.395217896,-3.964009762
1.698904037,-8.440681458,-4.081557274
1.698904037,-8.471788406,-4.160520554
1.710868239,-8.488538742,-4.160520554
1.756331801,-8.490931511,-4.04087925
1.763510346,-8.488538742,-3.935296059
1.751546144,-8.500502586,-3.911367655
1.713261008,-8.524430275,-3.961616993
1.725225091,-8.534002304,-4.009772778
1.730010748,-8.517251968,-4.04087925
1.739582062,-8.512466431,-4.091128349
1.753939033,-8.538787842,-4.249054909
1.773081541,-8.500502586,-4.368695736
1.792224169,-8.502895355,-4.457230568
1.808973908,-8.510073662,-4.56042099
1.830509305,-8.517251968,-4.62502718
1.835294962,-8.519644737,-4.615455627
1.808973908,-8.534002304,-4.558028221
1.753939033,-8.57228756,-4.524229527
1.689332843,-8.581858635,-4.418945312
1.670190215,-8.617751122,-4.332803726
1.643869162,-8.615358353,-4.275375843
1.576870084,-8.62014389,-4.261018753
1.521835208,-8.61296463,-4.270590305
1.47158587,-8.622536659,-4.268197536
1.452443361,-8.629714966,-4.299304008
1.433300734,-8.64167881,-4.320839405
1.325324655,-8.624929428,-4.37348175
1.287039518,-8.586644173,-4.421338081
1.220040441,-8.579465866,-4.433301926
1.174576759,-8.538787842,-4.440480709
1.167398334,-8.526823044,-4.380660057
1.138684511,-8.519644737,-4.337589264
1.112363458,-8.474181175,-4.289732933
1.102792144,-8.43589592,-4.265804768
1.100399256,-8.416753769,-4.258625984
1.100399256,-8.3641119,-4.237090588
1.145862937,-8.275577545,-4.201198578
1.169791222,-8.236992836,-4.148556232
1.196112275,-8.17956543,-4.11744976
1.267896891,-8.141280174,-4.107878208
1.291825175,-8.12213707,-4.014558315
1.299003601,-8.12213707,-3.959224224
1.279860973,-8.117351532,-3.887439489
1.287039518,-8.174779892,-3.820440531
1.272682548,-8.227421761,-3.803690672
1.272682548,-8.282755852,-3.801297903
1.234397411,-8.349754333,-3.851547241
1.18893373,-8.431110382,-3.856332779
1.169791222,-8.486145973,-3.916153431
1.196112275,-8.529216766,-4.038486481
1.203290701,-8.61296463,-4.179663181
1.196112275,-8.67039299,-4.292125702
1.186540961,-8.675178528,-4.404588223
1.186540961,-8.711071014,-4.459623337
1.179362416,-8.718249321,-4.56042099
1.200897813,-8.687142372,-4.603491783
1.17218399,-8.677571297,-4.699204445
1.165005565,-8.684749603,-4.653740883
1.10997057,-8.672785759,-4.615455627
1.145862937,-8.660821915,-4.574777603
1.10997057,-8.617751122,-4.521836758
1.102792144,-8.617751122,-4.478765965
1.06211412,-8.529216766,-4.445266247
1.052542806,-8.478966713,-4.454837322
0.98075819,-8.4646101,-4.426123619
0.940080226,-8.438288689,-4.514657974
0.94965148,-8.35693264,-4.23230505
0.944865823,-8.316255569,-4.239483356
0.928116083,-8.270791054,-4.280161381
0.894616544,-8.282755852,-4.395017147
0.954437137,-8.213064194,-4.440480709
0.956829965,-8.165207863,-4.48833704
0.968794048,-8.10060215,-4.483551502
1.009472013,-8.02163887,-4.536492825
1.069292665,-7.978568077,-4.572384834
1.12432754,-7.911569118,-4.636991024
1.126720309,-7.882854939,-4.699204445
1.215254784,-7.796713352,-4.586741924
1.176969647,-7.741678715,-4.62502718
1.224826097,-7.70100069,-4.72313261
1.229611754,-7.689036369,-4.763810635
1.208076358,-7.674380302,-4.660919189
1.277468204,-7.650452137,-4.543671131
1.368395448,-7.633702278,-4.483551502
1.382752419,-7.616952896,-4.450051785
1.356431365,-7.645666599,-4.500301361
1.334895968,-7.681559086,-4.536492825
1.39710927,-7.664809227,-4.577170849
1.394716501,-7.708178997,-4.584349155
1.413859129,-7.710571766,-4.541278362
1.442872047,-7.715357304,-4.617848396
1.43808639,-7.708178997,-4.644169807
1.413859129,-7.696215153,-4.663312435
1.43808639,-7.693821907,-4.680061817
1.464407444,-7.70100069,-4.656133652
1.47158587,-7.717750549,-4.684847832
1.442872047,-7.70100069,-4.708775997
1.423430324,-7.727321625,-4.665705204
1.377966762,-7.775177956,-4.62502718
1.366002679,-7.777570724,-4.603491783
1.30139637,-7.806284904,-4.596313
1.279860973,-7.854141235,-4.663312435
1.28464663,-7.870891094,-4.742275238
1.291825175,-7.901997566,-4.833202839
1.308574915,-7.942675591,-4.914558411
1.327717423,-7.980960846,-4.945665359
1.344467282,-7.959425449,-5.036592484
1.354038477,-7.949853897,-5.125426292
1.361217022,-7.983353615,-5.20917511
1.373181105,-7.985746384,-5.233103275
1.377966762,-8.035995483,-5.240281582
1.416251898,-8.083851814,-5.14456892
1.45483613,-8.126922607,-5.108676434
1.452443361,-8.196314812,-5.11585474
1.490728498,-8.215457916,-5.10149765
1.50269258,-8.251648903,-5.163711071
1.526620865,-8.299505234,-5.228317261
1.545763373,-8.309076309,-5.333601475
1.615155339,-8.297112465,-5.422136307
1.629512191,-8.297112465,-5.424529076
1.622333765,-8.301898003,-5.455635548
1.581655741,-8.325826645,-5.388636589
1.531406522,-8.330612183,-5.379065514
1.428515077,-8.392825127,-5.328815937
1.375573874,-8.419146538,-5.278566837
1.296610713,-8.411968231,-5.111069202
1.208076358,-8.416753769,-5.003093243
1.148255825,-8.43589592,-4.876273632
1.074078321,-8.443074226,-4.828416824
1.04536438,-8.361719131,-4.773382187
0.985543847,-8.304290771,-4.747061253
0.892223716,-8.289934158,-4.72313261
0.856032312,-8.198707581,-4.730311394
0.824925602,-8.172386169,-4.775774956
0.722034216,-8.105387688,-4.81645298
0.647856712,-8.016853333,-4.945665359
0.678963423,-7.968996525,-5.022235394
0.681356251,-7.911569118,-5.290530682
0.609571576,-7.823034763,-5.149354458
0.583250523,-7.775177956,-5.127819061
0.616750062,-7.708178997,-5.32163763
0.614357233,-7.662416458,-5.4652071
0.561715126,-7.602595806,-5.577669621
0.57128638,-7.547560692,-5.702395439
0.607178748,-7.459026337,-5.762216091
0.614357233,-7.528418064,-5.860321522
0.585643351,-7.506882668,-5.97039175
0.600000262,-7.459026337,-5.94167757
0.631106973,-7.363313675,-5.987141132
0.662213683,-7.313064098,-6.09960413
0.76271224,-7.222136974,-6.180960178
0.791426063,-7.186244488,-6.200102806
0.853639484,-7.186244488,-6.133103371
0.829711258,-7.183851719,-6.157031536
0.856032312,-7.174280643,-6.159424782
0.892223716,-7.157530785,-6.19770956
0.920937598,-7.155138016,-6.195316792
0.942472994,-7.234101295,-6.068497181
0.906580687,-7.293921471,-5.999105453
0.760319412,-7.37288475,-5.893821239
0.705284476,-7.461419106,-5.716752529
0.755533755,-7.542775154,-5.580062389
0.784247637,-7.686344624,-5.391029358
0.724427044,-7.818248749,-5.204389095
0.664606512,-7.959425449,-5.065306664
0.645463884,-8.136494637,-4.89541626
0.559322298,-8.299505234,-4.780560493
0.449252456,-8.488538742,-4.632205486
0.31525439,-8.634500504,-4.61067009
0.245563418,-8.782855988,-4.565206528
0.142672047,-8.953044891,-4.543671131
0.011066805,-9.125328064,-4.555634975
-0.091824569,-9.285647392,-4.550849438
-0.122931264,-9.412766457,-4.608277321
-0.130109727,-9.5252285,-4.656133652
-0.163609251,-9.597013474,-4.703989983
-0.09421739,-9.618548393,-4.744668007
-0.089431748,-9.690333366,-4.794917583
-0.168394893,-9.788438797,-4.845166683
-0.151645139,-9.76211834,-4.818845749
-0.130109727,-9.678369522,-4.773382187
-0.223429814,-9.707083702,-4.80209589
-0.252143681,-9.65444088,-4.955236435
-0.331405938,-9.611370087,-5.050949574
-0.431904495,-9.585049629,-5.07248497
-0.570688188,-9.570692062,-5.221138954
-0.69511497,-9.556335449,-5.288137913
-0.817148924,-9.510871887,-5.422136307
-0.910768092,-9.515657425,-5.510670662
-0.970588684,-9.551549911,-5.429314613
-1.099801064,-9.58265686,-5.486742496
-1.090229869,-9.558728218,-5.381458282
-1.133300662,-9.597013474,-5.295316696
-1.193121195,-9.65444088,-5.338387489
-1.197906852,-9.707083702,-5.458028316
-1.260120273,-9.774082184,-5.654539108
-1.279262781,-9.855438232,-5.81485796
-1.303191066,-9.900901794,-5.994319916
-1.281655669,-10.00169945,-6.241079807
-1.260120273,-10.06869888,-6.410970211
-1.267298698,-10.17158985,-6.774978161
-1.284048438,-10.15962601,-6.870691299
-1.269691467,-10.15005493,-7.267899513
-1.205085278,-10.06630611,-7.734799385
-1.236191988,-9.982557297,-8.239983559
-1.126122117,-9.872187614,-8.510671616
-0.989731252,-9.771689415,-8.733204842
-0.898804009,-9.73340416,-8.970093727
-0.829412162,-9.707083702,-9.082855225
-0.79082787,-9.656833649,-9.073284149
-0.745364249,-9.594620705,-8.867202759
-0.757328391,-9.515657425,-8.587242126
-0.766899645,-9.436694145,-8.182556152
-0.831804991,-9.309576035,-7.761120319
-0.910768092,-9.134899139,-7.279863834
-0.965803027,-8.929117203,-6.779763699
-1.059123158,-8.69192791,-6.317649841
-1.140479088,-8.457431793,-5.817250729
-1.154836059,-8.17956543,-5.333601475
-1.238584876,-7.966603756,-4.828416824
-1.305583835,-7.76560688,-4.306482315
-1.339083314,-7.547560692,-3.748655796
-1.36061883,-7.399205685,-3.20518589
-1.348654628,-7.212565422,-2.707179785
-1.341476202,-7.109375,-2.283350945
-1.267298698,-7.016055107,-1.871785522
-1.150050402,-6.980162621,-1.426421404
-1.051944613,-7.001698017,-0.997807026
-0.846161902,-7.07348299,-0.610169768
-0.589830756,-7.224529743,-0.282053977
-0.336191595,-7.418348312,0.007776673
-0.079860456,-7.660023689,0.201595306
0.137886405,-8.012067795,0.237487644
0.408574462,-8.30668354,0.32362926
0.645463884,-8.634500504,0.230309174
0.832104087,-8.988937378,0.024526432
1.081256747,-9.331110954,-0.164805666
1.318146229,-9.659226418,-0.490229547
1.560120344,-9.961021423,-0.782453001
1.761117458,-10.24098206,-1.110269666
1.993520379,-10.45155048,-1.335494161
2.172981977,-10.7054882,-1.581954837
2.314158678,-10.84666538,-1.768894196
2.407478571,-11.02134132,-1.900499344
2.505584478,-11.1508522,-1.912463546
2.580060959,-11.23699379,-1.912463546
2.644667149,-11.29920769,-1.764108539
2.728415966,-11.29681492,-1.605883121
2.809772015,-11.27527905,-1.46470654
2.895913601,-11.22502995,-1.342672586
2.900699139,-11.16999531,-1.263709426
2.953341246,-11.07667542,-1.124626637
2.979662418,-10.95912743,-0.966700375
3.027518749,-10.74377346,-0.868594647
3.046661377,-10.5355978,-0.681954444
3.044268608,-10.33908749,-0.60777694
2.979662418,-10.13091183,-0.483051062
2.917448997,-9.865009308,-0.439980269
2.852842808,-9.647262573,-0.416052043
2.773879766,-9.39840889,-0.368195593
2.659024239,-9.233005524,-0.310767829
2.546262503,-9.03440094,-0.262911379
2.469691992,-8.854939461,-0.279661149
2.371586323,-8.696713448,-0.291625261
2.256730795,-8.579465866,-0.387338162
2.156232357,-8.510073662,-0.447158724
2.074876308,-8.400003433,-0.475872606
1.974078655,-8.318648338,-0.499800831
1.890329838,-8.268398285,-0.526121855
1.842473388,-8.203493118,-0.53330034
1.782652855,-8.181958199,-0.516550601
1.768295884,-8.117351532,-0.509372115
1.761117458,-8.124529839,-0.478265435
1.720439434,-8.129315376,-0.432801783
1.746760488,-8.119744301,-0.425623328
1.741974831,-8.067102432,-0.399302274
1.737189293,-8.07188797,-0.351445824
1.761117458,-8.126922607,-0.303589374
1.792224169,-8.177172661,-0.267697036
1.797009826,-8.263612747,-0.255732924
1.787438512,-8.344968796,-0.236590341
1.780260086,-8.421539307,-0.231804699
1.825723648,-8.455039024,-0.274875492
1.823330879,-8.462217331,-0.34187454
1.830509305,-8.531609535,-0.363409936
1.811366796,-8.603393555,-0.451944381
1.820937991,-8.732605934,-0.473479778
1.753939033,-8.890831947,-0.506979287
1.708475351,-9.051150322,-0.497408003
1.631905079,-9.201898575,-0.456730008
1.588834286,-9.335896492,-0.449551553
1.497906923,-9.491728783,-0.423230499
1.45483613,-9.640084267,-0.430408984
1.389930844,-9.805189133,-0.449551553
1.344467282,-9.944272041,-0.514157772
1.28464663,-10.09501934,-0.557228565
1.270289779,-10.21226788,-0.643669307
1.265504122,-10.22183895,-0.784845829
1.270289779,-10.26012421,-0.940379322
1.320538998,-10.22901726,-1.115055323
1.366002679,-10.18594646,-1.187139153
1.356431365,-10.20508957,-1.215852976
1.406680584,-10.07826996,-1.158126116
1.476371527,-9.970592499,-1.117448211
1.531406522,-9.845867157,-1.0863415
1.588834286,-9.738189697,-1.031306505
1.663011789,-9.613762856,-0.91166544
1.725225091,-9.494122505,-0.775274515
1.763510346,-9.42712307,-0.650847733
1.761117458,-9.352646828,-0.540478826
1.741974831,-9.288040161,-0.416052043
1.682154298,-9.173184395,-0.327517599
1.718046665,-9.151649475,-0.246161625
1.744367719,-9.094221115,-0.344267368
1.756331801,-9.082257271,-0.439980269
1.828116536,-9.065507889,-0.413659215
1.859223247,-8.957830429,-0.490229547
1.856830359,-8.917152405,-0.614955425
1.832902193,-8.840581894,-0.708275497
1.837687731,-8.816654205,-0.736989379
1.861616015,-8.787641525,-0.792024314
1.85443759,-8.763712883,-0.715453982
1.852044702,-8.711071014,-0.672383189
1.866401672,-8.677571297,-0.559621394
1.907079697,-8.634500504,-0.490229547
1.945364833,-8.605786324,-0.411266387
1.95015049,-8.617751122,-0.27726832
1.969292998,-8.593822479,-0.148055896
2.015055656,-8.598608017,-0.04755735
2.065304995,-8.64167881,0.136989102
2.137089729,-8.684749603,0.318843603
2.292623281,-8.553144455,0.16331014
2.366800785,-8.407182693,-0.248554453
2.304587364,-8.388039589,-0.744167864
2.13469696,-8.672785759,-0.839880765
2.03898406,-8.957830429,-0.954736233
2.084447622,-8.998508453,-0.930808008
2.180160522,-9.039186478,-0.75134629
2.254338026,-9.099007607,-0.573978305
2.311765671,-9.158827782,-0.447158724
2.335694075,-9.259325981,-0.411266387
2.318944216,-9.347860336,-0.416052043
2.261516571,-9.415159225,-0.466301322
2.232802629,-9.484550476,-0.492622376
2.206481695,-9.486943245,-0.557228565
2.182553291,-9.458230019,-0.578763962
2.196910381,-9.400801659,-0.583549619
2.208874464,-9.335896492,-0.605384111
2.235195398,-9.26171875,-0.614955425
2.244766712,-9.24018383,-0.674775958
2.271087885,-9.225827217,-0.765703261
2.290230274,-9.244969368,-0.851844847
2.302194595,-9.266505241,-0.91166544
2.29501605,-9.297611237,-0.971485972
2.323729992,-9.292825699,-1.021735311
2.345265388,-9.273683548,-1.012163997
2.352443695,-9.233005524,-0.923629522
2.340479612,-9.158827782,-0.880558729
2.35962224,-9.139685631,-0.835095108
2.381157637,-9.036793709,-0.815952539
2.381157637,-9.032008171,-0.765703261
2.397907495,-9.000901222,-0.693918586
2.393121719,-9.027222633,-0.622133911
2.352443695,-9.03440094,-0.559621394
2.292623281,-9.055936813,-0.495015174
2.251945257,-9.008079529,-0.423230499
2.26390934,-8.909974098,-0.396909446
2.232802629,-8.965008736,-0.363409936
2.196910381,-8.914759636,-0.29401809
2.206481695,-8.840581894,-0.22941187
2.216052771,-8.773283958,-0.179162592
2.244766712,-8.665607452,-0.203090817
2.237588167,-8.598608017,-0.188733891
2.239981174,-8.624929428,-0.203090817
2.251945257,-8.627322197,-0.236590341
2.239981174,-8.608179092,-0.279661149
2.244766712,-8.632107735,-0.255732924
2.206481695,-8.62014389,-0.305982202
2.163410664,-8.624929428,-0.317946315
2.108375788,-8.646464348,-0.317946315
2.10359025,-8.651249886,-0.349052995
2.060519457,-8.601000786,-0.327517599
2.036591291,-8.59142971,-0.313160658
2.005484581,-8.586644173,-0.279661149
1.95015049,-8.593822479,-0.267697036
1.904686809,-8.584251404,-0.195912361
1.866401672,-8.567501068,-0.195912361
1.811366796,-8.598608017,-0.236590341
1.777867198,-8.567501068,-0.22941187
1.763510346,-8.541180611,-0.236590341
1.775474429,-8.517251968,-0.219840586
1.756331801,-8.536395073,-0.301196545
1.725225091,-8.519644737,-0.310767829
1.739582062,-8.522037506,-0.339481711
1.730010748,-8.505288124,-0.377766877
1.737189293,-8.500502586,-0.384945333
1.741974831,-8.538787842,-0.380159706
1.753939033,-8.536395073,-0.365802765
1.787438512,-8.512466431,-0.34187454
1.825723648,-8.579465866,-0.339481711
1.866401672,-8.615358353,-0.305982202
1.907079697,-8.687142372,-0.241375983
1.928615093,-8.766105652,-0.143270254
2.000698805,-8.809475899,-0.100199446
2.065304995,-8.871688843,-0.020937199
2.110768557,-8.993722916,0.084346995
2.127518415,-9.077471733,0.177667081
2.129911184,-9.189934731,0.208773777
2.177767754,-9.283254623,0.213559419
2.225624084,-9.386445045,0.215952247
2.223231316,-9.470193863,0.18005991
2.223231316,-9.568299294,0.144167557
2.18494606,-9.656833649,0.077168532
2.161017895,-9.719047546,0.038883369
2.084447622,-9.76211834,-0.032901313
2.027019978,-9.807581902,-0.090628155
1.966900229,-9.814760208,-0.157627195
1.892722726,-9.826724052,-0.248554453
1.816152334,-9.850652695,-0.329910427
1.751546144,-9.920044899,-0.349052995
1.694118381,-9.977771759,-0.329910427
1.586441398,-10.02084255,-0.296410918
1.473978758,-10.00648499,-0.291625261
1.373181105,-10.10219765,-0.253340095
1.303789258,-10.11894798,-0.148055896
1.275075316,-10.21705341,-0.006580262
1.248754263,-10.18834019,0.06759724
1.181755304,-10.27687454,0.22791636
1.167398334,-10.36062336,0.450448871
1.196112275,-10.39412212,0.615852714
1.212862015,-10.45633602,0.778564692
1.303789258,-10.53081226,0.946062267
1.373181105,-10.58345413,1.082453132
1.473978758,-10.5858469,1.152144074
1.631905079,-10.57627583,1.219143152
1.775474429,-10.57627583,1.331605792
1.959721804,-10.58824062,1.357926846
2.187339067,-10.48504925,1.360319614
2.338086843,-10.42762184,1.269392371
2.515155792,-10.34865856,1.233500123
2.64227438,-10.37976551,1.20717907
2.776272535,-10.33190918,1.03698957
2.927020311,-10.30558777,0.902991474
2.967698336,-10.30558777,0.821635485
3.046661377,-10.34626579,0.70199436
3.106482029,-10.38694382,0.556032181
3.168994427,-10.50927734,0.488734037
3.166601658,-10.62891865,0.335593373
3.176172972,-10.74616623,0.297308207
3.185744286,-10.91366386,0.206380948
3.180958509,-11.05753231,0.156131685
3.185744286,-11.22024441,0.058025949
3.216850996,-11.41167068,0.046061836
3.202493906,-11.6584301,0.026919255
3.302992582,-11.87378407,0.017347964
3.389134169,-12.11785221,0.062811591
3.496811152,-12.36461163,-0.011365907
3.590131283,-12.67567921,-0.001794617
3.664308786,-12.99183083,-0.148055896
3.712464333,-13.29093361,-0.298803717
3.750749588,-13.59272766,-0.346660167
3.846462488,-13.87777328,-0.487836719
3.875176191,-14.10987663,-0.605384111
3.908675671,-14.26541042,-0.732203722
3.865604877,-14.41615868,-0.887737215
3.863212109,-14.4571352,-1.009771109
3.846462488,-14.47388554,-1.148554921
3.791427374,-14.46192074,-1.268495083
3.750749588,-14.41376495,-1.366600871
3.750749588,-14.35633755,-1.426421404
3.755535126,-14.27737427,-1.522134304
3.896711588,-14.18166161,-1.493420482
3.98763895,-14.0620203,-1.43359983
4.095315933,-13.93998623,-1.301994562
4.217350006,-13.78176117,-1.15094769
4.346861362,-13.62622738,-1.004985452
4.459323883,-13.54247856,-0.873380244
4.586143494,-13.40848064,-0.693918586
4.660321236,-13.31994629,-0.516550601
4.70099926,-13.22393417,-0.339481711
4.696213722,-13.13300705,-0.176769778
4.748855591,-13.07557964,0.043669011
4.75124836,-12.95354557,0.230309174
4.710570335,-12.92722416,0.342771858
4.705784798,-12.81236839,0.469591439
4.662714005,-12.80758286,0.596710146
4.619643211,-12.83629704,0.718744099
4.535894394,-12.81476212,0.812064171
4.425824642,-12.7884407,0.9101699
4.289433479,-12.75015545,1.060917735
4.100101471,-12.68764305,1.171286702
3.882354736,-12.60389423,1.35074842
3.645166159,-12.44836044,1.49431777
3.401098251,-12.23061371,1.666900039
3.111566782,-12.05803108,1.781755567
2.778665304,-11.85464191,1.772184253
2.445763826,-11.57916832,1.925324917
2.070090771,-11.41884899,1.922932148
1.701296926,-11.14845943,1.875075698
1.373181105,-10.80838013,1.884646893
1.011864901,-10.54516983,1.836790442
0.623928487,-10.27448177,1.820040703
0.281455755,-10.03519917,1.786541224
-0.02003989,-9.812367439,1.79132688
-0.281156659,-9.647262573,1.800898194
-0.594616413,-9.491728783,1.71236372
-0.891625524,-9.381659508,1.707578063
-1.157228827,-9.213862419,1.659721613
-1.379761338,-9.173184395,1.566102386
-1.593021631,-9.182756424,1.417747378
-1.813161373,-9.252147675,1.214357495
-1.964208245,-9.417551994,1.005882859
-2.002493382,-9.606584549,0.78095752
-2.040778637,-9.848259926,0.536889553
-2.016850471,-10.0830555,0.239880472
-1.985743642,-10.32712364,-0.023330022
-1.954637051,-10.60738277,-0.334696055
-1.916052699,-10.94477081,-0.60777694
-1.746162295,-11.28006458,-0.918843865
-1.535593987,-11.50738335,-1.189531922
-1.336690545,-11.66560841,-1.297209024
-1.138086319,-11.79003525,-1.333101273
-0.886839867,-11.96471119,-1.414457321
-0.577866674,-12.17527962,-1.610668778
-0.21385853,-12.46989632,-1.768894196
0.104386888,-12.79561901,-1.902892232
0.341575444,-13.01575851,-1.888535261
0.566500783,-13.20957756,-1.907677889
0.73160553,-13.3271246,-1.895713687
0.85842514,-13.43240929,-1.914856315
0.968794048,-13.58794212,-1.893320918
1.02861464,-13.65254879,-1.816750646
1.086042404,-13.67647648,-1.699203134
1.09322083,-13.63579941,-1.507777333
1.09322083,-13.68126297,-1.20867455
1.131505966,-13.65015602,-0.820738196
1.119541883,-13.63101292,-0.456730008
1.131505966,-13.59990692,-0.164805666
1.133898854,-13.51137257,0.144167557
1.121934772,-13.40369511,0.337986201
1.126720309,-13.23589802,0.558425009
1.138684511,-13.06122208,0.747457981
1.143470168,-12.93440247,0.883848846
1.176969647,-12.81236839,1.003489971
1.176969647,-12.69482136,1.063310504
1.145862937,-12.47707462,1.094716311
1.165005565,-12.21864986,1.101894855
1.153041363,-12.05563831,1.118644595
1.150648594,-11.89771271,1.156929731
1.150648594,-11.78285694,1.152144074
1.179362416,-11.57198906,1.039382339
1.198505044,-11.42124176,0.912562728
1.193719387,-11.27767181,0.70199436
1.200897813,-11.20828056,0.46719861
1.179362416,-11.09821033,0.251844585
1.138684511,-11.02612686,0.007776673
1.050150037,-10.9304142,-0.224626228
0.990329444,-10.83230782,-0.420837671
0.88504529,-10.73420238,-0.528514683
0.745962441,-10.64566803,-0.660419047
0.652642369,-10.60738277,-0.736989379
0.609571576,-10.50927734,-0.768096089
0.525822759,-10.36301613,-0.58115679
0.506680191,-10.08066273,-0.217447758
0.533001244,-9.702297211,-0.052342996
0.590429008,-9.29043293,0.122632161
0.707677305,-8.809475899,0.347557485
0.834496915,-8.270791054,0.709172785
0.99750793,-7.856534004,0.929312468
1.133898854,-7.535596848,1.053739309
1.279860973,-7.265207767,1.075274706
1.428515077,-7.020840645,1.015454054
1.538584948,-6.831807613,0.950847924
1.653440475,-6.61166811,0.768993378
1.725225091,-6.467799664,0.611067057
1.780260086,-6.393621922,0.850349367
1.847259045,-6.345765591,1.070489049
1.93340075,-6.264409542,1.142572761
1.998306036,-6.211767673,0.97238332
2.003091574,-6.156732559,0.790528774
2.031805515,-6.049055576,0.646959424
2.005484581,-5.898008823,0.613459885
1.995913148,-5.744868279,0.48394838
2.031805515,-5.661119461,0.294915378
1.986341953,-5.656333447,0.182452723
1.942971945,-5.639584064,0.050847482
1.887937069,-5.632405281,-0.140877441
1.828116536,-5.689833164,-0.298803717
1.732403636,-5.711368561,-0.435194612
1.64626193,-5.69940424,-0.736989379
1.629512191,-5.668297768,-1.131805062
1.55054903,-5.677868843,-1.52931273
1.421037555,-5.725725651,-2.053640127
1.23679018,-5.790331841,-2.60428834
0.985543847,-5.802295685,-3.030509949
0.786640465,-5.838188171,-3.317648649
0.501894534,-5.847759247,-3.459124327
0.312861562,-5.859723568,-3.56680131
0.018245272,-5.909972668,-3.633800268
-0.410369098,-5.979364872,-3.581158161
-0.822233677,-6.017949104,-3.432803154
-1.229013562,-6.089733601,-3.403790236
-1.566700578,-6.072983742,-3.401397467
-1.80119729,-6.077769279,-3.360719442
-2.067099571,-6.130411625,-3.293720484
-2.301596165,-6.106483459,-3.111865759
-2.536391973,-6.099305153,-3.049652576
-2.706282377,-6.020341873,-3.016152859
-2.859423161,-5.962615013,-2.939582586
-2.969492912,-5.90518713,-2.91804719
-2.971885681,-5.883651733,-3.075973511
-2.933600664,-5.723332882,-3.107080221
-2.89292264,-5.567799091,-3.102294445
-2.821137905,-5.395216942,-3.071187973
-2.699103832,-5.280361176,-3.068794966
-2.55792737,-5.136792183,-3.087937593
-2.476272345,-4.993222713,-3.1405797
-2.378166676,-4.846961498,-3.147758245
-2.21306181,-4.68664217,-3.157329559
-2.079063892,-4.523930073,-3.181257725
-1.925624013,-4.377968311,-3.236292601
-1.77009058,-4.248456478,-3.202793121
-1.585843205,-4.114458561,-3.150151014
-1.415952802,-3.994817495,-3.047259569
-1.245763302,-3.896711588,-2.982653379
-1.07348001,-3.740879059,-2.9491539
-0.944267631,-3.645166159,-3.011367321
-0.754935563,-3.539881945,-3.004188776
-0.592223585,-3.458526134,-3.059223652
-0.477368116,-3.393919706,-3.087937593
-0.338584393,-3.365206003,-3.159722328
-0.206680059,-3.35324192,-3.272184849
-0.110967152,-3.362813234,-3.363112211
-0.053539407,-3.398705482,-3.454338551
0.011066805,-3.413062334,-3.485445261
0.090029955,-3.436990738,-3.55244422
0.149850518,-3.506382465,-3.669692516
0.185742855,-3.551846027,-3.83958292
0.214456722,-3.582952738,-3.983451605
0.243170604,-3.645166159,-4.098307133
0.271884471,-3.688236952,-4.256233215
0.240777776,-3.789034605,-4.485944271
0.250349075,-3.872783422,-4.562813759
0.271884471,-3.913461447,-4.689633369
0.250349075,-4.068994999,-4.773382187
0.259920359,-4.200600147,-4.893023014
0.250349075,-4.382753849,-4.969593525
0.22642085,-4.569394112,-5.123033047
0.204885438,-4.784748077,-5.187639713
0.180957213,-5.024329185,-5.178068161
0.195314154,-5.258825779,-5.134997368
0.20249261,-5.512764454,-5.118247509
0.173778743,-5.811867237,-5.134997368
0.159421802,-6.151947021,-5.223531723
0.245563418,-6.405586243,-5.134997368
0.295812696,-6.748058796,-5.120640278
0.334396958,-7.109375,-5.146961689
0.394217521,-7.468597889,-5.223531723
0.47557351,-7.861319542,-5.304887772
0.573679209,-8.325826645,-5.379065514
0.638285458,-8.768498421,-5.551348686
0.736391187,-9.271290779,-5.76460886
0.897009373,-9.699904442,-6.027819157
1.126720309,-10.07348442,-6.310471535
1.409073472,-10.40130138,-6.698108673
1.732403636,-10.67916775,-7.057331085
2.08923316,-10.99741268,-7.454838753
2.452942371,-11.41167068,-8.029415131
2.828914642,-11.91206932,-8.445766449
3.228815079,-12.44357491,-8.965308189
3.621237993,-12.97508049,-9.453742981
4.068994999,-13.52333641,-9.908679008
4.516751766,-14.054842,-10.35882854
4.959722996,-14.44277859,-10.65553856
5.414658546,-14.86870098,-10.87358475
5.857330799,-15.20399475,-10.99561787
6.329015732,-15.43370628,-10.97408295
6.805486679,-15.59193134,-10.9932251
7.253243446,-15.58953857,-10.78983593
7.7368927,-15.41217041,-10.41386318
8.246863365,-15.03410435,-9.82732296
8.706285477,-14.55045509,-9.22881794
9.132506371,-13.91366577,-8.656634331
9.233005524,-13.26700497,-8.261519432
8.859724998,-12.55364513,-7.962416649
8.182256699,-12.00538921,-7.591229916
7.289135933,-11.5456686,-7.133901596
6.455835342,-11.03330517,-6.568896294
5.711368561,-10.54277611,-6.130710602
5.091328144,-10.01844978,-5.707180977
4.55742979,-9.491728783,-5.419743061
4.112065792,-8.938688278,-5.123033047
3.71724987,-8.376075745,-4.902594566
3.492025614,-7.784749508,-4.680061817
3.302992582,-7.176673412,-4.47397995
3.13070941,-6.566204548,-4.253840446
2.953341246,-5.988935947,-4.079164505
2.793022156,-5.448158264,-3.985844374
2.659024239,-4.923830986,-3.947260141
2.467299223,-4.49521637,-3.990629911
2.213660002,-4.126422882,-4.093521118
1.916650891,-3.777070522,-4.215555191
1.536192179,-3.623630762,-4.349553585
1.155434251,-3.501596928,-4.452444553
0.856032312,-3.477668524,-4.584349155
0.614357233,-3.556631804,-4.809274197
0.52342993,-3.685844183,-5.10149765
0.482751966,-3.879961967,-5.443671703
0.645463884,-4.112065792,-5.733502388
0.602393091,-4.490430832,-5.908178329
0.518644333,-4.995615482,-6.145067692
0.628714144,-5.522335529,-6.506682873
0.743569613,-6.087340832,-6.865905285
0.82731843,-6.69063139,-7.109973431
0.894616544,-7.281957626,-7.265506744
0.968794048,-7.949853897,-7.459624767
1.050150037,-8.524430275,-7.548159122
1.196112275,-9.060722351,-7.655836105
1.318146229,-9.546764374,-7.768298626
1.459621787,-10.06630611,-7.761120319
1.557727575,-10.48265648,-7.581658363
1.734796405,-10.8682003,-7.155436993
1.954936147,-11.26570797,-6.616752625
1.969292998,-11.76850033,-6.128317833
1.976471543,-12.37178993,-5.704788208
1.9812572,-12.99661636,-5.094319344
1.892722726,-13.69322681,-4.445266247
1.741974831,-14.43799305,-3.964009762
1.636690736,-14.98385525,-3.403790236
1.615155339,-15.55364609,-2.833999395
1.641476393,-16.00349617,-2.113460541
1.488335729,-16.62593079,-1.419242978
1.325324655,-17.25823402,-0.961914718
1.200897813,-17.8136673,-0.674775958
1.071685433,-18.31376648,-0.396909446
1.042971611,-18.75673866,-0.2222334
1.054935694,-19.05853271,0.031704899
1.102792144,-19.30260086,0.266201526
1.107577801,-19.42224312,0.455234498
1.057328463,-19.30499458,0.670887649
0.846460998,-18.71845245,0.790528774
0.336789787,-17.47837257,0.981954575
-0.211465702,-15.93889046,1.252642632
-0.750149906,-14.23430347,1.336391449
-1.185942769,-12.48186016,1.386640668
-1.549950838,-10.79880905,1.307677627
-1.928016901,-9.228219986,1.180858016
-2.280060768,-7.791927814,0.725922585
-2.586641312,-6.472585201,0.290129751
-2.785245657,-5.515157223,-0.008973085
-3.034099102,-4.787140846,-0.339481711
-3.314358473,-4.188635826,-0.459122837
-3.652045488,-3.649951935,-0.375374049
-4.046861172,-3.22642231,-0.217447758
-4.537689209,-2.967698336,-0.083449692
-4.999803066,-2.843271494,0.122632161
-5.426024437,-2.81695056,0.476769924
-5.81844759,-2.922234535,0.984347403
-6.136991978,-3.156731367,1.489532113
-6.385845661,-3.511168242,1.910967946
-6.591927052,-4.047459602,2.092822552
-6.649354935,-4.813461781,1.963610053
-6.306882381,-5.790331841,1.422533035
-4.774877548,-6.649953365,0.582353234
-2.897708178,-7.29631424,-0.540478826
-1.037587762,-7.789535046,-1.65613234
0.535394073,-8.217850685,-2.501396894
1.890329838,-8.524430275,-3.30089879
3.037090063,-8.732605934,-3.593122244
3.903890133,-8.878867149,-3.51894474
4.586143494,-8.967401505,-3.308077335
5.151148796,-9.1420784,-2.937189817
5.589334488,-9.417551994,-2.362613201
5.915057659,-9.699904442,-1.653739572
6.125626087,-10.01844978,-0.820738196
6.216553211,-10.36062336,0.132203445
6.144768715,-10.73659515,1.118644595
6.008377552,-11.17956638,2.030609131
5.871687889,-11.50738335,2.921337366
5.764010429,-11.86660576,3.718446493
5.63479805,-12.19472122,4.427021027
5.558228016,-12.51057434,5.116752148
5.44337225,-12.73549938,5.688935757
5.354837894,-12.87218952,6.062216282
5.33539629,-12.92004585,6.347260952
5.366802216,-12.92243862,6.431009769
5.400301456,-12.82433319,6.407081604
5.50558567,-12.54646683,6.361618042
5.632405281,-12.11785221,6.203691959
5.787939072,-11.57438183,5.913861275
5.927021503,-10.87298584,5.44696188
5.994020939,-10.04716301,4.661816597
5.922235966,-9.242576599,3.476771355
5.771189213,-8.522037506,2.123929262
5.412265778,-8.059924126,0.666101992
4.787140846,-7.849355698,-0.961914718
4.332504272,-7.597810268,-2.264208317
3.918246984,-7.478168964,-3.447160006
3.5781672,-7.444669247,-4.411766529
3.286242723,-7.511668682,-5.029414177
3.056232691,-7.456633568,-5.345565796
2.888735056,-7.272386074,-5.570491314
2.716451883,-7.183851719,-5.580062389
2.678166628,-6.951448917,-5.441278458
2.692523718,-6.573382854,-5.340780258
2.668595552,-6.381658077,-5.012664318
2.596810818,-6.357729912,-4.347160339
2.438585281,-6.386443615,-3.399004459
2.311765671,-6.407979012,-2.326720953
2.19930315,-6.498906136,-1.335494161
2.113161564,-6.59731102,-0.334696055
2.096411705,-6.728916168,0.364307255
1.986341953,-6.894021034,0.926919699
1.957328916,-7.018447876,1.298106313
1.90229404,-7.19581604,1.71236372
1.804188251,-7.370491982,2.023430586
1.744367719,-7.573882103,2.308475733
1.768295884,-7.744071484,2.504687071
1.830509305,-7.916354656,2.66739893
1.945364833,-8.083851814,2.614757061
2.053340912,-8.203493118,2.413759947
2.26390934,-8.323433876,2.119143486
2.486441851,-8.371290207,1.693221092
2.754737139,-8.433503151,1.216750264
3.037090063,-8.471788406,0.721136928
3.30777812,-8.510073662,0.201595306
3.5781672,-8.502895355,-0.203090817
3.79621315,-8.478966713,-0.60777694
3.908675671,-8.469395638,-0.916451097
4.00199604,-8.467002869,-1.244566917
4.090530396,-8.502895355,-1.467099428
4.071387768,-8.577073097,-1.392921925
4.061816216,-8.701499939,-1.242174029
4.004388809,-8.737391472,-1.316351533
3.949353695,-8.787641525,-1.452742457
3.81296277,-8.754141808,-1.670489311
3.618845224,-8.754141808,-1.740180254
3.458526134,-8.725427628,-1.641775489
3.319742203,-8.730213165,-1.412064433
3.231207848,-8.847761154,-1.189531922
3.020340443,-8.969795227,-1.028913736
2.857628345,-8.953044891,-0.973878801
2.840878725,-8.840581894,-0.870987415
2.900699139,-8.679964066,-0.729810894
2.922234535,-8.665607452,-0.624526739
2.883949518,-8.636893272,-0.643669307
2.692523718,-8.703892708,-0.744167864
2.541476727,-8.69910717,-0.851844847
2.376372099,-8.746963501,-0.966700375
2.256730795,-8.756534576,-1.069591761
2.096411705,-8.62014389,-1.031306505
2.053340912,-8.565108299,-1.268495083
2.060519457,-8.538787842,-1.412064433
2.170589209,-8.390432358,-1.41685009
2.275873423,-8.282755852,-1.428814173
2.311765671,-8.136494637,-1.424028635
2.309372902,-8.076673508,-1.455135226
2.342872381,-8.04317379,-1.502991676
2.431406975,-7.992925167,-1.457528114
2.491227388,-8.002495766,-1.471885085
2.551347256,-8.033602715,-1.4479568
2.594418049,-8.055138588,-1.349851131
2.623131752,-8.031209946,-1.280459166
2.644667149,-8.024031639,-1.242174029
2.747558594,-8.028817177,-1.175175071
2.869592667,-8.057531357,-1.060020447
2.965305567,-8.014460564,-0.973878801
3.080160856,-8.026424408,-0.887737215
3.200101137,-8.031209946,-0.662811875
3.324527979,-8.12213707,-0.576371133
3.436990738,-8.17956543,-0.540478826
3.544667721,-8.232207298,-0.387338162
3.606881142,-8.304290771,-0.310767829
3.661916018,-8.383254051,-0.224626228
3.698107481,-8.428717613,-0.1265205
3.705285788,-8.536395073,-0.030508488
3.70050025,-8.601000786,0.048454657
3.690928936,-8.663214684,0.110668048
3.698107481,-8.679964066,0.129810631
3.683750391,-8.696713448,0.192024022
3.681357622,-8.684749603,0.192024022
3.635594845,-8.677571297,0.158524498
3.616452217,-8.648857117,0.122632161
3.506382465,-8.660821915,0.010169496
3.405884027,-8.665607452,-0.081056871
3.362813234,-8.682356834,-0.155234367
3.336492062,-8.69192791,-0.234197512
3.326920748,-8.629714966,-0.449551553
3.21206522,-8.634500504,-0.53330034
3.152244806,-8.67039299,-0.602991283
3.096910715,-8.703892708,-0.643669307
3.121138096,-8.708678246,-0.70348984
3.252743244,-8.653642654,-0.763310432
3.154637575,-8.586644173,-0.91166544
3.092125177,-8.541180611,-1.028913736
3.056232691,-8.545966148,-1.115055323
3.094517946,-8.524430275,-1.112662554
3.154637575,-8.505288124,-1.143769264
3.166601658,-8.517251968,-1.141376376
3.13070941,-8.522037506,-1.189531922
3.157030344,-8.548358917,-1.182353497
3.231207848,-8.629714966,-1.170389414
3.195315599,-8.751749039,-1.083948612
3.168994427,-8.874081612,-1.004985452
3.176172972,-9.010472298,-0.875773072
3.164208889,-9.170791626,-0.667597532
3.168994427,-9.338289261,-0.413659215
3.233600616,-9.465408325,-0.260518551
3.149851799,-9.652048111,-0.059521463
3.173780203,-9.857831001,0.122632161
3.082553864,-10.02802086,0.268594354
2.938984394,-10.24098206,0.43609193
2.840878725,-10.42762184,0.587138832
2.740380049,-10.64566803,0.737886667
2.644667149,-10.81555843,0.938883781
2.553740025,-10.9304142,1.046560764
2.505584478,-11.03809071,1.195214868
2.450549603,-11.01655579,1.295713425
2.48883462,-11.04048347,1.415354609
2.500798702,-11.02373409,1.448854089
2.560918331,-10.96391296,1.482353687
2.67338109,-10.93280697,1.472782373
2.797807932,-10.89930725,1.465603828
2.891128063,-10.82512951,1.322034478
2.970091105,-10.75813103,1.271785259
3.08973217,-10.73898792,1.099501967
3.135494947,-10.76291656,0.867099106
3.207279682,-10.83709335,0.656530738
3.279064417,-10.88495064,0.385842651
3.288635731,-11.00698376,0.12023934
3.286242723,-11.16520977,-0.169591308
3.264707327,-11.33510017,-0.353838652
3.216850996,-11.50020504,-0.610169768
3.204886913,-11.67996597,-0.813559711
3.111566782,-11.86421299,-0.983450115
3.068196774,-12.04606724,-1.199103236
3.051447153,-12.15853024,-1.316351533
3.061018467,-12.35743332,-1.452742457
3.094517946,-12.56082344,-1.483849168
3.185744286,-12.7812624,-1.569990754
3.245564699,-13.02293682,-1.565205097
3.377170086,-13.25025558,-1.483849168
3.458526134,-13.5161581,-1.450349569
3.580559969,-13.71236897,-1.407278776
3.705285788,-13.90648746,-1.395314693
3.834498405,-14.05723476,-1.40010035
3.942175388,-14.12901974,-1.435992718
4.085744858,-14.15534019,-1.52931273
4.260719776,-14.09791279,-1.610668778
4.392324924,-14.00937843,-1.706381679
4.543072701,-13.8296175,-1.744965911
4.75124836,-13.65254879,-1.733001828
4.926223755,-13.41565895,-1.742573142
5.136792183,-13.12822151,-1.675274968
5.33539629,-12.82433319,-1.579562068
5.536692619,-12.52253819,-1.435992718
5.701797485,-12.29043484,-1.22542429
5.821438313,-12.07956696,-0.918843865
5.876473427,-11.88096237,-0.631705165
5.878866196,-11.76132107,-0.32512477
5.835795403,-11.6584301,-0.059521463
5.735296726,-11.55763245,0.172881439
5.57019186,-11.50020504,0.455234498
5.390730381,-11.5384903,0.819242656
5.1296134,-11.56241798,1.164108157
4.904688358,-11.54806137,1.400997639
4.655535698,-11.64885902,1.470389485
4.322933197,-11.74457169,1.451246977
3.98763895,-11.85942745,1.432104349
3.683750391,-11.91206932,1.38185513
3.334099293,-12.03649616,1.372283816
2.979662418,-12.13460159,1.365105271
2.663809776,-12.23539925,1.405783296
2.35962224,-12.31436253,1.456032634
2.046162367,-12.32871914,1.563709617
1.753939033,-12.3861475,1.623530149
1.428515077,-12.44836044,1.645364642
1.176969647,-12.48186016,1.613958836
0.870688319,-12.49143124,1.582852125
0.525822759,-12.55364513,1.573280931
0.240777776,-12.58235836,1.534995675
-0.115752794,-12.66610718,1.420140266
-0.484546572,-12.8315115,1.317248821
-0.862911642,-12.97268772,1.20717907
-1.238584876,-13.09232903,1.111466169
-1.619342685,-13.25504112,0.92452687
-1.952244163,-13.35583878,0.716351271
-2.258525372,-13.43958759,0.464805812
-2.548356056,-13.5161581,0.239880472
-2.840280533,-13.61426353,-0.057128642
-3.060420275,-13.78893948,-0.365802765
-3.244966507,-13.97348595,-0.837487936
-3.331108332,-14.1242342,-1.285244823
-3.321537018,-14.21037579,-1.740180254
-3.259323597,-14.25823212,-2.149353027
-3.244966507,-14.27737427,-2.491825581
-3.273680449,-14.33480263,-2.793321371
-3.343072414,-14.40419388,-3.01376009
-3.390928745,-14.46909904,-3.159722328
-3.359822035,-14.50020599,-3.322434187
-3.108575821,-14.48584938,-3.538087368
-2.665604353,-14.46431351,-3.734298944
-2.414058924,-14.44756413,-3.83958292
-2.263311148,-14.40658665,-3.772583961
-2.146062851,-14.31565952,-3.712763548
-2.012064695,-14.20080376,-3.430410385
-1.870589137,-14.04527092,-3.166900873
-1.671984792,-13.87538052,-2.783750057
-1.518844128,-13.72433376,-2.420041084
-1.319940805,-13.52572918,-2.053640127
-1.135693431,-13.36062431,-1.692024708
-0.908375323,-13.21197033,-1.349851131
-0.673579574,-13.01575851,-1.071984529
-0.45583272,-12.86022568,-0.626919508
-0.223429814,-12.74776268,-0.191126704
0.020638095,-12.63021564,0.208773777
0.303290278,-12.48425293,0.510269404
0.616750062,-12.29761314,0.697208703
0.930508912,-12.1034956,0.847956538
1.229611754,-11.9718895,0.943669438
1.512263894,-11.79003525,1.027418256
1.811366796,-11.62253761,1.109073281
2.13469696,-11.39731312,1.192822099
2.426621199,-11.17717361,1.216750264
2.697309256,-10.94237804,1.278963685
2.948555708,-10.71027374,1.259821177
3.080160856,-10.50449181,1.044167995
3.185744286,-10.2026968,0.754636467
3.295814037,-9.951450348,0.452841699
3.369991541,-9.695118904,0.213559419
3.446561813,-9.419944763,0.046061836
3.5781672,-9.213862419,0.000598206
3.674179077,-9.077471733,0.134596273
3.755535126,-8.902795792,0.390628308
3.803391695,-8.687142372,0.464805812
3.714857101,-8.419146538,0.110668048
3.633202076,-8.165207863,-0.176769778
3.597309828,-7.952247143,-0.272482693
3.551846027,-7.775177956,-0.203090817
3.489632607,-7.633702278,-0.152841553
3.410669565,-7.490133286,-0.076271221
3.314956665,-7.308278561,-0.088235334
3.216850996,-7.028019428,-0.128913313
3.133102179,-6.704988003,-0.097806625
3.044268608,-6.324230194,-0.102592275
2.965305567,-6.015556335,0.113060869
2.852842808,-5.661119461,0.522532642
2.740380049,-5.416752338,0.859920621
2.57766819,-5.215754986,1.130608678
2.452942371,-5.0291152,1.288534999
2.268694878,-4.866104126,1.310070395
2.127518415,-4.722534657,1.348355532
1.986341953,-4.631607533,1.290927768
1.842473388,-4.543072701,1.200000525
1.670190215,-4.507180691,1.147358418
1.478764415,-4.538287163,1.063310504
1.279860973,-4.528716087,0.92452687
1.129113197,-4.598107815,0.757029235
0.956829965,-4.650749683,0.587138832
0.753140926,-4.758427143,0.321236432
0.547358155,-4.880460739,0.046061836
0.271884471,-5.012365341,-0.253340095
0.027816564,-5.108078003,-0.672383189
-0.185144648,-5.237290382,-1.129412293
-0.470189661,-5.313860893,-1.565205097
-0.71186471,-5.361717224,-2.053640127
-0.944267631,-5.488835812,-2.551646233
-1.154836059,-5.606084347,-3.066402197
-1.379761338,-5.689833164,-3.463909864
-1.494915962,-5.807081223,-3.794119358
-1.554736495,-5.816652775,-4.086342812
-1.552343726,-5.84058094,-4.330410957
-1.669592023,-5.886044502,-4.313661098
-1.846660852,-5.898008823,-4.342374802
-1.954637051,-5.866901875,-4.404588223
-2.016850471,-5.752046585,-4.191627026
-2.050349951,-5.677868843,-4.024129391
-2.107777596,-5.646762371,-3.988237143
-2.205883265,-5.574977875,-3.916153431
-2.260918379,-5.507978439,-3.825226068
-2.260918379,-5.38564539,-3.736691713
-2.215454578,-5.2707901,-3.506980658
-2.119741678,-5.158327579,-3.351148129
-2.091027975,-5.043471813,-3.243471146
-2.000100613,-4.914259434,-3.164507866
-1.872981906,-4.834997177,-3.243471146
-1.734198213,-4.68664217,-3.343969584
-1.65762794,-4.50957346,-3.33439827
-1.619342685,-4.394717693,-3.363112211
-1.600200176,-4.313062668,-3.336791277
-1.509272933,-4.207778454,-3.255435228
-1.456630826,-4.090530396,-3.238685369
-1.408774376,-3.999603033,-3.159722328
-1.336690545,-3.937389612,-3.114258766
-1.233799219,-3.879961967,-3.12383008
-1.162014484,-3.851248026,-3.054438114
-1.07348001,-3.784249067,-2.982653379
-0.970588684,-3.750450373,-2.975475073
-0.860518873,-3.743271828,-2.939582586
-0.766899645,-3.709772348,-2.894119024
-0.642472863,-3.633202076,-2.838784933
-0.50368917,-3.559024572,-2.870190859
-0.340977222,-3.484847069,-2.860619545
-0.163609251,-3.40349102,-2.858226538
0.027816564,-3.300599813,-2.867797852
0.233599305,-3.207279682,-2.977867842
0.413360119,-3.087339401,-3.023331404
0.566500783,-2.984447956,-3.135794163
0.73160553,-2.879163742,-3.33439827
0.908973515,-2.76909399,-3.454338551
1.033400297,-2.663809776,-3.626621723
1.14107728,-2.527119875,-3.825226068
1.260718465,-2.460120678,-4.028914928
1.361217022,-2.388336182,-4.253840446
1.346860051,-2.407478571,-4.428516388
1.368395448,-2.371586323,-4.706383228
1.430907965,-2.323729992,-5.074877739
1.375573874,-2.373979092,-5.369493961
1.308574915,-2.476870537,-5.652146339
1.255932808,-2.64227438,-5.932106495
1.15782702,-2.893520832,-6.157031536
1.011864901,-3.200101137,-6.291328907
0.99750793,-3.334099293,-6.291328907
0.925723255,-3.633202076,-6.401398659
0.774676323,-3.992424488,-6.521039963
0.626321316,-4.286741734,-6.662216663
0.542572558,-4.60767889,-6.755536556
0.446859628,-4.942973614,-6.889833927
0.377467781,-5.380859852,-6.91854763
0.355932355,-5.909972668,-6.978368282
0.367896467,-6.486942291,-6.999903679
0.422931403,-7.143173695,-6.959225655
0.511465848,-7.808677673,-6.98315382
0.63589263,-8.512466431,-7.021439075
0.834496915,-9.247362137,-7.098009109
1.14107728,-9.963414192,-7.143472672
1.500299811,-10.64566803,-7.078866482
1.959721804,-11.39013481,-7.059724331
2.460120678,-12.18515015,-7.066902637
3.029911757,-13.1138649,-7.203293324
3.635594845,-14.10269833,-7.287042141
4.284647942,-15.19203091,-7.466803074
4.914259434,-16.31964874,-7.648657799
5.531907082,-17.38983917,-7.82333374
6.149554253,-18.45045662,-7.971987724
6.72413063,-19.48714828,-8.263912201
7.360920429,-20.40629005,-8.496315002
7.90917635,-21.14118576,-8.587242126
8.510073662,-21.6918354,-8.694919586
9.182756424,-22.03191376,-8.666205406
9.877272606,-22.18266296,-8.582456589
10.67916775,-21.96730804,-8.544171333
11.52173996,-21.41426659,-8.486743927
12.44118214,-20.39432716,-8.584849358
12.49143124,-18.82852364,-9.116354942
11.26810074,-17.19093513,-9.295816422
9.862915993,-15.53899002,-8.934201241
8.679964066,-13.92323685,-8.503493309
7.667500973,-12.4363966,-8.125128746
6.719345093,-11.05244732,-7.904988766
5.941378593,-9.79083252,-7.777870178
5.222933769,-8.679964066,-7.844869137
4.590929508,-7.633702278,-7.744370461
4.030709743,-6.649953365,-7.684549809
3.527917862,-5.768796444,-7.639086246
2.982055187,-5.024329185,-7.512266636
2.362015009,-4.377968311,-7.2535429
1.799402595,-3.808177233,-6.911369324
1.200897813,-3.398705482,-6.597609997
0.535394073,-3.101696253,-6.375077724
-0.060717873,-2.879163742,-6.145067692
-0.623330295,-2.776272535,-6.037390709
-1.039980531,-2.718844652,-5.984748363
-1.327119231,-2.735594511,-5.867500305
-1.707877159,-2.895913601,-5.800501347
-2.079063892,-3.147160053,-5.850750446
-2.287239313,-3.432204962,-5.783751488
-2.260918379,-3.755236149,-5.647061348
-2.239382982,-4.092923164,-5.608776093
-2.380559444,-4.669892311,-5.43649292
-2.464308262,-5.333003521,-5.338387489
-2.461915493,-5.988935947,-5.280959606
-2.296810627,-6.61166811,-5.094319344
-2.143670082,-7.179066181,-4.955236435
-2.189133644,-7.81585598,-4.861916542
-2.004886389,-8.380861282,-4.569992065
-1.686341763,-8.87647438,-4.067200184
-1.317547917,-9.388837814,-3.50219512
-0.941874802,-9.881759644,-2.946761131
-0.537188709,-10.40130138,-2.381755829
-0.194715947,-11.03809071,-1.838286042
-0.015254244,-11.8211422,-1.031306505
0.097208418,-12.65175056,-0.487836719
0.190528497,-13.54965687,-0.06669993
0.308075905,-14.4571352,0.113060869
0.461216569,-15.25185108,0.053240303
0.645463884,-15.87667751,-0.212662116
0.916151941,-16.26700592,-0.514157772
1.248754263,-16.59960938,-0.722632468
1.47158587,-17.1359005,-1.088734269
1.651047587,-17.69611931,-1.507777333
1.880758643,-18.19651794,-1.620239973
2.096411705,-18.68734741,-1.62502563
2.412264347,-18.99153328,-1.424028635
2.867199659,-19.08485413,-1.155733347
3.348456144,-18.93889236,-0.95952189
3.879961967,-18.38345909,-1.019342422
3.990031719,-17.24148369,-1.718345761
3.781856298,-15.76182175,-2.568396091
3.405884027,-14.18644714,-3.279363394
2.804986238,-12.7067852,-3.636193037
2.165803671,-11.37817097,-3.640978813
1.433300734,-10.11655521,-3.528516054
0.791426063,-8.95543766,-3.310470104
0.295812696,-7.854141235,-2.922832966
-0.134895369,-6.805486679,-2.609073877
-0.587437987,-5.876473427,-2.283350945
-0.975374341,-5.067399979,-1.694417477
-1.401595831,-4.423431873,-1.091127157
-1.88255322,-3.98763895,-0.408873558
-2.361416817,-3.697808266,0.347557485
-2.82831645,-3.594916821,1.109073281
-3.240180969,-3.611666679,1.805683732
-3.546462297,-3.728914976,2.28215456
-3.714258909,-3.923032761,2.69850564
-3.697509289,-4.186243057,3.124727249
-3.647259951,-4.521537304,3.474378586
-3.520141125,-4.907081127,3.759124279
-3.091825962,-5.368896008,3.83569479
-2.397309303,-5.828616619,3.69212532
-1.449452281,-6.276373863,3.352344513
-0.307477713,-6.709774017,2.789732218
0.918544769,-7.075875759,2.212762833
2.060519457,-7.413562775,1.748256087
3.135494947,-7.75124979,1.360319614
4.150351048,-8.028817177,1.065703392
5.026721954,-8.277970314,0.766600549
5.718546867,-8.498109818,0.51505506
6.300302029,-8.706285477,0.337986201
6.795915604,-8.881259918,0.309272319
7.179066181,-9.046364784,0.450448871
7.45184803,-9.175577164,0.78095752
7.679465294,-9.443872452,0.969990492
7.858926773,-9.628120422,1.216750264
7.935497284,-9.76211834,1.592423439
7.899604797,-9.99691391,1.860718727
7.772785187,-10.28883839,2.239083767
7.598109245,-10.53799057,2.578864574
7.470990658,-10.70070267,2.83519578
7.363313675,-10.81555843,2.973979473
7.152745247,-10.97109222,3.017050266
7.011269569,-11.03809071,3.009871721
6.78873682,-11.05753231,3.021835804
6.453442574,-10.96869946,3.038585663
5.970092297,-10.80359459,3.052942514
5.376373291,-10.5475626,2.830410004
4.68664217,-10.31755257,2.315654039
4.03788805,-10.07826996,1.551745534
3.420240879,-9.841081619,0.730708242
2.840878725,-9.659226418,-0.045164529
2.314158678,-9.551549911,-0.844666421
1.873580098,-9.503693581,-1.663310885
1.466800332,-9.386445045,-2.350649118
1.153041363,-9.271290779,-2.939582586
0.935294569,-9.151649475,-3.387040377
0.774676323,-9.00568676,-3.58355093
0.664606512,-8.826225281,-3.669692516
0.621535659,-8.636893272,-3.66251421
0.633499801,-8.428717613,-3.535694599
0.695713162,-8.153244019,-3.26979208
0.695713162,-7.878069401,-2.927618504
0.767497838,-7.64327383,-2.482254505
0.812961519,-7.45184803,-1.979462504
0.824925602,-7.317849636,-1.445564032
0.889830947,-7.157530785,-0.930808008
0.937687397,-7.061518669,-0.447158724
0.952044308,-6.965806007,0.091525465
0.99750793,-6.951448917,0.443270385
1.019043326,-7.006484032,0.613459885
1.09322083,-7.030412197,0.857527793
1.117149115,-7.0591259,1.216750264
1.148255825,-7.047161579,1.341177106
1.23679018,-7.104589462,1.46321106
1.389930844,-7.186244488,1.55892396
1.555334687,-7.262814999,1.561316729
1.799402595,-7.439883709,1.472782373
2.053340912,-7.64327383,1.400997639
2.29501605,-7.983353615,1.374676585
2.445763826,-8.344968796,1.298106313
2.563311338,-8.610571861,1.266999602
2.618346214,-8.874081612,1.195214868
2.675773859,-9.158827782,1.137787223
2.670988321,-9.410373688,1.262213945
2.694916487,-9.68315506,1.379462242
2.776272535,-9.680762291,1.30289197
3.03948307,-9.381659508,1.106680512
3.396312714,-8.957830429,0.663709164
3.614059448,-8.646464348,0.026919255
3.724428415,-8.467002869,-0.634097993
3.753142357,-8.43589592,-1.043270707
3.817748547,-8.471788406,-1.242174029
3.836891174,-8.62014389,-1.258923769
3.757927895,-8.689535141,-1.22542429
3.736392498,-8.730213165,-1.155733347
3.73160696,-8.746963501,-0.964307547
3.681357622,-8.763712883,-0.86380899
3.621237993,-8.763712883,-0.854237676
3.585345745,-8.734998703,-0.86380899
3.542274714,-8.723034859,-0.878165901
3.470490217,-8.74935627,-0.921236694
3.379562855,-8.816654205,-0.823130965
3.281457186,-8.90518856,-0.667597532
3.216850996,-8.953044891,-0.511764944
3.106482029,-9.022437096,-0.337088883
3.00837636,-9.008079529,-0.203090817
2.958127022,-8.991330147,-0.049950171
2.900699139,-8.929117203,-0.008973085
2.836092949,-8.893224716,0.074775711
2.752344131,-8.866903305,0.091525465
2.64227438,-8.787641525,0.046061836
2.572882652,-8.684749603,0.046061836
2.534298182,-8.627322197,-0.006580262
2.448156595,-8.634500504,-0.13369897
2.390728951,-8.605786324,-0.148055896
2.340479612,-8.54357338,-0.088235334
2.362015009,-8.490931511,-0.17437695
2.35962224,-8.38564682,-0.2222334
2.390728951,-8.337790489,-0.298803717
2.390728951,-8.30668354,-0.329910427
2.429013968,-8.289934158,-0.370588422
2.460120678,-8.236992836,-0.449551553
2.452942371,-8.208278656,-0.461515665
2.496013165,-8.208278656,-0.48544389
2.541476727,-8.186743736,-0.50219363
2.563311338,-8.229814529,-0.566799879
2.601596355,-8.270791054,-0.665204704
2.592025042,-8.301898003,-0.75134629
2.599203587,-8.342576027,-0.856630504
2.589632273,-8.390432358,-0.937986493
2.6087749,-8.433503151,-0.981057286
2.644667149,-8.483752251,-1.062413216
2.666202545,-8.498109818,-1.107876897
2.692523718,-8.536395073,-1.107876897
2.711666346,-8.596215248,-1.100698471
2.754737139,-8.696713448,-1.048056364
2.718844652,-8.761320114,-1.03848505
2.730808735,-8.79960537,-0.997807026
2.800200701,-8.840581894,-0.969093144
2.83370018,-8.871688843,-0.935593665
2.895913601,-8.845368385,-0.899701297
2.991626501,-8.845368385,-0.897308469
2.970091105,-8.831010818,-0.904486954
3.00837636,-8.816654205,-0.89491564
3.010769129,-8.768498421,-0.878165901
3.049054146,-8.732605934,-0.823130965
3.13070941,-8.679964066,-0.746560693
3.197708368,-8.622536659,-0.665204704
3.377170086,-8.519644737,-0.55005008
3.599702597,-8.423932076,-0.408873558
3.582952738,-8.376075745,-0.315553486
3.640380621,-8.359326363,-0.203090817
3.729214191,-8.328219414,-0.119342029
3.846462488,-8.359326363,-0.028115666
3.918246984,-8.421539307,0.077168532
3.968496323,-8.502895355,0.103489578
4.047459602,-8.648857117,0.127417803
4.10249424,-8.790034294,0.16331014
4.080958843,-9.010472298,0.168095797
4.152743816,-9.194720268,0.141774744
4.171886444,-9.343074799,0.077168532
4.004388809,-9.518050194,0.050847482
3.870390654,-9.635298729,-0.001794617
3.79621315,-9.757332802,-0.025722843
3.808177233,-9.807581902,-0.083449692
3.781856298,-9.872187614,-0.071485579
3.705285788,-9.956235886,-0.100199446
3.614059448,-9.939486504,-0.155234367
3.626023531,-9.958628654,-0.18155542
3.64277339,-10.00409222,-0.102592275
3.585345745,-9.994521141,-0.052342996
3.549453259,-9.965806961,0.029312078
3.530310631,-9.96819973,0.218345061
3.542274714,-9.91047287,0.335593373
3.559024572,-9.865009308,0.445663214
3.594916821,-9.836296082,0.618245542
3.554239035,-9.821938515,0.761814892
3.559024572,-9.805189133,0.826421142
3.539881945,-9.798010826,0.855134964
3.554239035,-9.836296082,0.871884763
3.501596928,-9.891330719,0.886241674
3.427419424,-10.02084255,0.831206739
3.350848913,-10.12373352,0.721136928
3.267100334,-10.28644562,0.584746063
3.178565741,-10.46112156,0.431306273
3.087339401,-10.5978117,0.278165638
2.996412039,-10.75813103,0.108275227
2.903092146,-10.92084217,-0.100199446
2.888735056,-11.06710339,-0.250947267
2.869592667,-11.2130661,-0.372981221
2.917448997,-11.37817097,-0.506979287
2.991626501,-11.57438183,-0.514157772
3.113959551,-11.7708931,-0.583549619
3.231207848,-11.93839073,-0.516550601
3.350848913,-12.18515015,-0.387338162
3.492025614,-12.45075321,-0.29401809
3.609273911,-12.69721413,-0.236590341
3.729214191,-12.95593834,-0.112163559
3.832105398,-13.15454292,-0.107377917
3.95653224,-13.42044449,-0.114556387
4.021138668,-13.58554935,-0.284446806
4.083351612,-13.68365574,-0.444765896
4.169493675,-13.7171545,-0.696311414
4.232006073,-13.7171545,-0.930808008
4.332504272,-13.59512138,-1.172782183
4.440181732,-13.43480206,-1.388136268
4.590929508,-13.22393417,-1.596311808
4.775176525,-12.97268772,-1.680060625
4.931009293,-12.68764305,-1.73060894
5.069792747,-12.49143124,-1.653739572
5.239683151,-12.26172066,-1.505384564
5.344967365,-12.13938713,-1.290030479
5.450551033,-12.06521034,-1.036092162
5.491229057,-12.02453232,-0.691525757
5.47208643,-12.02213955,-0.396909446
5.433801174,-12.07238865,-0.1265205
5.352146149,-12.13938713,0.110668048
5.282754421,-12.25454235,0.376271367
5.122435093,-12.41007519,0.58953166
4.947759151,-12.5991087,0.70199436
4.792225361,-12.78365517,0.740279496
4.631607533,-12.86501122,0.800100088
4.449752808,-13.06122208,0.809671342
4.28704071,-13.23111248,0.74985081
4.133601189,-13.34387493,0.773779035
3.997210264,-13.43719482,0.792921603
3.841676712,-13.48983669,0.847956538
3.688536167,-13.54487133,0.92452687
3.530310631,-13.50658607,0.984347403
3.329313517,-13.40848064,1.082453132
3.125923634,-13.3271246,1.195214868
2.852842808,-13.13539982,1.300499082
2.510370016,-12.98943806,1.324427366
2.196910381,-12.80040455,1.391426325
1.801795483,-12.65175056,1.424925923
1.433300734,-12.48186016,1.451246977
1.011864901,-12.29522038,1.479960799
0.623928487,-12.09870911,1.520638824
0.20249261,-12.01017475,1.482353687
-0.180359006,-11.84506989,1.546959877
-0.613758981,-11.73260784,1.482353687
-1.068694472,-11.70150089,1.393819213
-1.459023595,-11.62732315,1.317248821
-1.849053741,-11.66082287,1.133001566
-2.186740875,-11.67278671,0.883848846
-2.461915493,-11.61535931,0.737886667
-2.708675146,-11.60788155,0.495912492
-2.914458036,-11.70150089,0.172881439
-3.094218731,-11.85942745,-0.289232433
-3.211467028,-12.13699436,-0.803988397
-3.177967548,-12.37896919,-1.342672586
-3.062813044,-12.606287,-1.835893154
-2.842673302,-12.82194042,-2.290828466
-2.617748022,-13.00379467,-2.623430967
-2.394916296,-13.14018536,-2.939582586
-2.119741678,-13.24068451,-3.138186932
-1.837089539,-13.37019539,-3.327219963
-1.573879123,-13.57119274,-3.329612732
-1.281655669,-13.67169094,-3.226721287
-0.932303548,-13.78654671,-3.104687452
-0.532403052,-13.911273,-3.032902718
-0.134895369,-13.96391487,-2.906083107
0.099601239,-14.00698566,-2.776571512
0.303290278,-14.00937843,-2.515753984
0.501894534,-13.90409374,-2.254637241
0.700498819,-13.80329609,-1.965105653
0.820139945,-13.6788702,-1.696810365
0.964008451,-13.5161581,-1.407278776
1.081256747,-13.33669567,-1.129412293
1.198505044,-13.10429287,-0.839880765
1.327717423,-12.9320097,-0.573978305
1.445264935,-12.74776268,-0.267697036
1.610369682,-12.53450203,-0.025722843
1.753939033,-12.34068394,0.247058943
1.919043779,-12.15613747,0.412163705
2.067697763,-11.95992565,0.476769924
2.232802629,-11.71107197,0.536889553
2.376372099,-11.54088306,0.488734037
2.531905413,-11.3829565,0.455234498
2.714059114,-11.16520977,0.529711127
2.936591625,-10.91605663,0.58953166
3.111566782,-10.717453,0.627816856
3.262314558,-10.59302616,0.577567577
3.355634689,-10.45394325,0.424127817
3.436990738,-10.31755257,0.223130718
3.515953779,-10.10459137,-0.04755735
3.549453259,-9.929615974,-0.346660167
3.616452217,-9.750154495,-0.552442908
3.647558928,-9.630513191,-0.713061154
3.606881142,-9.503693581,-0.875773072
3.575774431,-9.357432365,-0.918843865
3.49920392,-9.225827217,-0.995414197
3.441776276,-9.094221115,-1.088734269
3.32213521,-8.950652122,-1.206281662
3.149851799,-8.838189125,-1.268495083
2.996412039,-8.723034859,-1.220638633
2.850450039,-8.522037506,-1.194317579
2.764308453,-8.277970314,-1.069591761
2.639881611,-8.064709663,-0.854237676
2.534298182,-7.854141235,-0.619741082
2.457727909,-7.696215153,-0.447158724
2.364407778,-7.506882668,-0.425623328
2.29501605,-7.368099213,-0.442373097
2.189731836,-7.155138016,-0.382552534
2.098804474,-6.913163662,-0.265304208
1.983649969,-6.72413063,-0.081056871
1.849651933,-6.520441532,-0.00418744
1.787438512,-6.089733601,-0.008973085
1.765903115,-5.613262653,-0.207876474
1.713261008,-5.301896572,-0.315553486
1.737189293,-5.175076962,-0.164805666
1.751546144,-5.127220631,-0.020937199
1.701296926,-4.988437176,0.146560386
1.653440475,-4.911866665,0.407378048
1.552941918,-4.885545731,0.426520646
1.447657704,-4.902295589,0.381056994
1.366002679,-4.909473896,0.220737889
1.232004523,-4.974080086,0.048454657
1.081256747,-5.026721954,-0.114556387
0.935294569,-5.057828903,-0.339481711
0.77946198,-5.155934811,-0.564407051
0.602393091,-5.237290382,-0.880558729
0.446859628,-5.266004562,-1.117448211
0.339182615,-5.342574596,-1.361815214
0.231206492,-5.404788017,-1.653739572
0.128315121,-5.452943802,-1.931606054
0.025423741,-5.500800133,-2.247458696
-0.075074807,-5.546263695,-2.558824778
-0.14925231,-5.565406322,-2.886940479
-0.247358039,-5.627619743,-3.064009428
-0.305084884,-5.720939636,-3.274577856
-0.376869559,-5.790331841,-3.461517096
-0.498903513,-5.874080658,-3.576372623
-0.685543716,-5.931508064,-3.557229996
-0.817148924,-5.917151451,-3.490231037
-0.874875784,-5.871687889,-3.411267757
-0.891625524,-5.835795403,-3.332005501
-0.872482956,-5.787939072,-3.303291559
-0.872482956,-5.675476074,-3.260220766
-0.894018352,-5.610869884,-3.253042459
-0.994516909,-5.53429985,-3.305684566
-1.152443171,-5.431109428,-3.447160006
-1.207478166,-5.328217983,-3.542873144
-1.252941728,-5.254040241,-3.569194078
-1.343868971,-5.215754986,-3.545265913
-1.377368569,-5.172684193,-3.416053534
-1.372582912,-5.100899696,-3.305684566
-1.427916884,-5.0291152,-3.202793121
-1.346261859,-4.952544689,-3.119044304
-1.296012521,-4.806283474,-2.999403238
-1.26490593,-4.732105732,-2.836392164
-1.190728426,-4.665106773,-2.649751902
-1.051944613,-4.564608097,-2.585145712
-0.932303548,-4.500001907,-2.527718067
-0.778863788,-4.447360039,-2.482254505
-0.659222662,-4.409074783,-2.499004126
-0.532403052,-4.375575542,-2.522932291
-0.374476731,-4.320241451,-2.532503605
-0.21385853,-4.291527271,-2.506182671
-0.087038927,-4.253242016,-2.508575439
0.085244305,-4.22931385,-2.496611357
0.235992134,-4.171886444,-2.424826622
0.391824722,-4.035495281,-2.549253464
0.554536641,-3.865604877,-2.690429926
0.676570594,-3.767499208,-2.822035313
0.793818891,-3.623630762,-2.953939438
0.848853827,-3.532703638,-3.097508907
0.925723255,-3.408276796,-3.162115097
0.968794048,-3.288635731,-3.276970625
1.040578723,-3.175873756,-3.305684566
1.117149115,-3.080160856,-3.439981699
1.196112275,-2.97726965,-3.607479334
1.25353992,-2.888735056,-3.818047523
1.325324655,-2.795415163,-3.997808456
1.401894927,-2.728415966,-4.170091629
1.466800332,-2.656631231,-4.356731892
1.55054903,-2.620440006,-4.53170681
1.567298889,-2.618046999,-4.684847832
1.627119422,-2.620440006,-4.86670208
1.603191137,-2.685345173,-5.017449856
1.579262972,-2.81695056,-5.197210789
1.476371527,-2.970091105,-5.283352375
1.363609791,-3.216850996,-5.350351334
1.287039518,-3.415455103,-5.443671703
1.246361494,-3.633202076,-5.486742496
1.181755304,-3.911068678,-5.608776093
1.126720309,-4.147958279,-5.652146339
1.165005565,-4.344468594,-5.601597786
1.222433209,-4.550251484,-5.637490273
1.251147151,-4.842175961,-5.656931877
1.318146229,-5.155934811,-5.692824364
1.337288737,-5.589334488,-5.678467274
1.377966762,-6.051448345,-5.723930836
1.476371527,-6.590132713,-5.810072422
1.548156261,-7.200601578,-5.704788208
1.710868239,-7.875676632,-5.71435976
1.892722726,-8.534002304,-5.805286884
2.127518415,-9.087042809,-5.953641891
2.460120678,-9.699904442,-6.073283195
2.857628345,-10.31515884,-6.265007973
3.326920748,-10.99501991,-6.365506649
3.832105398,-11.78285694,-6.506682873
4.392324924,-12.68046474,-6.549753666
4.969294548,-13.65015602,-6.662216663
5.591727257,-14.66770363,-6.741179466
6.178267956,-15.7307148,-6.930511475
6.693024158,-16.72433472,-7.172186852
7.138388157,-17.69851303,-7.418946743
7.598109245,-18.70888138,-7.730013371
8.146065712,-19.68575096,-8.127521515
8.715856552,-20.52114677,-8.383553505
9.271290779,-21.1893425,-8.496315002
9.894022942,-21.61047935,-8.525029182
10.50688457,-21.76870346,-8.620741844
11.14845943,-21.67508507,-8.80738163
11.7708931,-21.32333946,-9.005986214
12.43400383,-20.70090675,-9.140283585
12.8315115,-19.66660881,-9.525527954
12.31436253,-18.45045662,-9.896714211
10.98814106,-17.08804321,-9.515956879
9.513264656,-15.57518196,-8.647063255
8.129315376,-14.15294743,-7.80897665
6.891628265,-12.76211929,-7.162615299
5.828616619,-11.49302673,-6.710072994
4.849653244,-10.31276608,-6.533003807
4.05224514,-9.163613319,-6.3846488
3.336492062,-7.997710705,-6.327221394
2.670988321,-6.970591545,-6.248258114
2.034198284,-6.010770321,-6.351149559
1.481157184,-5.115256786,-6.487540245
0.98075819,-4.363611221,-6.482754707
0.394217521,-3.774677753,-6.391827583
-0.252143681,-3.221636534,-6.501897335
-0.834197819,-2.747558594,-6.789335251
-1.379761338,-2.393121719,-6.762714863
-1.894517303,-2.165803671,-6.698108673
-2.337488651,-2.04586339,-6.521039963
-2.706282377,-2.01475668,-6.154638767
-2.92402935,-2.029113531,-5.755037785
-3.03888464,-2.204088688,-5.319244862
-3.029313564,-2.481656075,-4.938487053
-3.010170937,-2.950948477,-4.694418907
-2.895315409,-3.539881945,-4.478765965
-2.730210543,-4.22931385,-4.306482315
-2.510071039,-4.962115765,-4.229912281
-2.277667999,-5.711368561,-4.136591911
-2.01924324,-6.491727829,-4.000201225
-1.710269928,-7.236494064,-3.803690672
-1.303191066,-7.937890053,-3.497409344
-0.872482956,-8.651249886,-3.095116138
-0.352941334,-9.333503723,-2.637787819
0.135493577,-10.05194855,-2.149353027
0.592821837,-10.78923702,-1.620239973
0.99750793,-11.5767746,-1.0863415
1.303789258,-12.38854027,-0.636490822
1.560120344,-13.28136253,-0.270089865
1.722832322,-14.21037579,-0.069092751
1.883151412,-15.01735497,-0.057128642
2.165803671,-15.49591923,-0.109770738
2.345265388,-16.11386681,-0.262911379
2.505584478,-16.71715546,-0.463908494
2.541476727,-17.29412651,-0.811166883
2.543869495,-17.75115395,-1.206281662
2.551347256,-18.1654129,-1.646561027
2.603989124,-18.50788498,-1.962712765
2.867199659,-18.73281097,-2.139781713
3.21206522,-18.86680794,-2.264208317
3.726821184,-18.87159348,-2.30039978
4.349254131,-18.63470459,-2.372184515
4.854438782,-17.99312973,-2.683251381
5.031507969,-16.99233055,-3.394218922
5.041079044,-15.77857208,-4.354339123
4.828117847,-14.55524063,-5.027021408
4.471288204,-13.43719482,-5.185246468
3.858426571,-12.50100327,-4.869094849
3.176172972,-11.64407349,-4.320839405
2.507977247,-10.74138069,-3.67926383
1.931007862,-9.862616539,-3.075973511
1.418644667,-8.912366867,-2.606681108
0.956829965,-8.067102432,-2.228316069
0.482751966,-7.269993305,-1.931606054
-0.036789648,-6.635596275,-1.541276932
-0.613758981,-6.149554253,-1.062413216
-1.176371455,-5.807081223,-0.351445824
-1.683948994,-5.586941719,0.347557485
-2.141277075,-5.431109428,1.034596682
-2.48345089,-5.306682587,1.575673699
-2.670390129,-5.153541565,2.023430586
-2.656033039,-5.019543648,2.440080881
-2.437987089,-4.907081127,2.83519578
-2.031207323,-4.811069012,3.318545818
-1.506880045,-4.803890705,3.591626883
-0.877268612,-4.858925343,3.792623997
-0.108574331,-4.981258392,3.785445452
0.808175862,-5.096114159,3.517449379
1.730010748,-5.239683151,3.239582777
2.623131752,-5.527121067,2.9476583
3.432204962,-5.991328716,2.576471806
4.18145752,-6.463014126,2.310868502
4.895116806,-6.949056149,2.246262312
5.591727257,-7.348956585,2.344367981
6.118447304,-7.734499931,2.416152716
6.573382854,-8.155636787,2.389831543
6.920341969,-8.502895355,2.344367981
7.279564857,-8.862117767,2.387438774
7.583453178,-9.237791061,2.420938253
7.784749508,-9.532406807,2.408974171
7.954639912,-9.675976753,2.485544443
8.045567513,-9.96819973,2.449652195
8.076673508,-10.18834019,2.277369022
8.04317379,-10.38215828,2.095215321
7.863712311,-10.52363396,1.99950242
7.583453178,-10.67438221,1.906182289
7.236494064,-10.81555843,1.68125701
6.740880489,-10.91605663,1.482353687
6.178267956,-11.00698376,1.405783296
5.620441437,-11.00219822,1.317248821
5.036293507,-10.89452171,1.185643673
4.466502666,-10.82273674,1.03698957
3.903890133,-10.7677021,0.819242656
3.334099293,-10.68156052,0.539282382
2.790629387,-10.56431198,0.244666114
2.323729992,-10.46112156,-0.042771704
1.844866276,-10.30558777,-0.435194612
1.416251898,-10.17876816,-0.782453001
1.016650558,-10.06630611,-1.05523479
0.657428026,-9.929615974,-1.318744421
0.341575444,-9.881759644,-1.579562068
0.046959143,-9.845867157,-1.878963947
-0.237786755,-9.766903877,-2.199602127
-0.405583441,-9.695118904,-2.522932291
-0.541974306,-9.65444088,-2.752643347
-0.671186745,-9.558728218,-2.889333248
-0.783649445,-9.463015556,-2.906083107
-0.86530447,-9.391230583,-2.824428082
-0.917946577,-9.307182312,-2.771785975
-0.925125063,-9.194720268,-2.611466885
-0.944267631,-9.103793144,-2.388934374
-0.944267631,-9.000901222,-2.168495417
-0.894018352,-8.883653641,-1.950748682
-0.822233677,-8.816654205,-1.670489311
-0.731007338,-8.737391472,-1.46470654
-0.565902531,-8.644071579,-1.251745343
-0.374476731,-8.536395073,-1.10309124
-0.185144648,-8.433503151,-0.978664458
-0.024825536,-8.4646101,-0.837487936
0.197706968,-8.414361,-0.727418065
0.399003178,-8.366504669,-0.643669307
0.686141908,-8.330612183,-0.552442908
0.94965148,-8.246563911,-0.430408984
1.227218866,-8.227421761,-0.339481711
1.526620865,-8.186743736,-0.2222334
1.758724689,-8.201100349,-0.078664042
2.050948143,-8.244171143,0.026919255
2.278266191,-8.270791054,0.18005991
2.524727106,-8.318648338,0.290129751
2.733201742,-8.414361,0.38823548
2.883949518,-8.488538742,0.471984267
3.046661377,-8.593822479,0.522532642
3.171387196,-8.689535141,0.606281459
3.298206806,-8.746963501,0.68524456
3.436990738,-8.850153923,0.725922585
3.56381011,-8.941081047,0.757029235
3.719642878,-9.00568676,0.768993378
3.906282902,-9.022437096,0.694815874
4.054637909,-9.024829865,0.519840717
4.171886444,-9.072686195,0.347557485
4.332504272,-9.118149757,0.304486692
4.468895435,-9.089435577,0.282951266
4.57178688,-8.98415184,0.136989102
4.648356915,-8.941081047,-0.045164529
4.698606491,-8.93390274,-0.210269287
4.70099926,-8.931509972,-0.262911379
4.698606491,-8.98415184,-0.396909446
4.70099926,-9.067900658,-0.473479778
4.70099926,-9.149256706,-0.411266387
4.643571377,-9.209076881,-0.301196545
4.62203598,-9.259325981,-0.248554453
4.559822559,-9.34068203,-0.215054929
4.425824642,-9.39840889,-0.224626228
4.356432915,-9.439086914,-0.308375031
4.234398842,-9.443872452,-0.399302274
4.085744858,-9.422337532,-0.480658263
4.006781578,-9.396016121,-0.459122837
3.927818298,-9.364610672,-0.416052043
3.858426571,-9.307182312,-0.401695103
3.820141315,-9.271290779,-0.322731942
3.686143398,-9.26171875,-0.270089865
3.525525093,-9.233005524,-0.241375983
3.458526134,-9.223434448,-0.17437695
3.360420227,-9.187541962,-0.095413804
3.324527979,-9.139685631,-0.042771704
3.283849955,-9.091828346,-0.032901313
3.188137054,-9.079864502,-0.016151553
3.080160856,-9.048757553,-0.045164529
2.974876642,-9.060722351,-0.071485579
2.931805849,-9.020044327,-0.155234367
2.893520832,-9.017651558,-0.238983154
2.83370018,-9.017651558,-0.370588422
2.795415163,-9.032008171,-0.538085997
2.747558594,-9.053544044,-0.653240562
2.752344131,-9.00568676,-0.748953462
2.706880569,-8.988937378,-0.875773072
2.57766819,-9.051150322,-0.945164919
2.462513685,-9.101400375,-1.024128079
2.414657116,-9.094221115,-1.048056364
2.414657116,-9.055936813,-1.028913736
2.381157637,-9.048757553,-1.012163997
2.407478571,-9.067900658,-0.995414197
2.438585281,-9.036793709,-0.981057286
2.450549603,-9.022437096,-0.978664458
2.433799744,-9.03440094,-0.957129061
2.445763826,-9.077471733,-0.973878801
2.436192513,-9.099007607,-0.95952189
2.464906454,-9.089435577,-0.969093144
2.517548561,-9.108578682,-0.930808008
2.505584478,-9.146863937,-0.923629522
2.469691992,-9.194720268,-0.971485972
2.462513685,-9.242576599,-1.009771109
2.429013968,-9.285647392,-1.03848505
2.42422843,-9.321539879,-1.098305583
2.407478571,-9.343074799,-1.158126116
2.397907495,-9.388837814,-1.182353497
2.366800785,-9.441479683,-1.23978126
2.342872381,-9.465408325,-1.263709426
2.340479612,-9.494122505,-1.234995604
2.340479612,-9.549157143,-1.218245864
2.340479612,-9.599406242,-1.220638633
2.297408819,-9.675976753,-1.232602715
2.275873423,-9.786046028,-1.227817178
2.292623281,-9.862616539,-1.211067319
2.237588167,-10.01366329,-1.275673628
2.165803671,-10.12851906,-1.275673628
2.139482498,-10.23858929,-1.263709426
2.084447622,-10.31755257,-1.172782183
2.043769598,-10.37737274,-1.117448211
2.060519457,-10.39412212,-1.024128079
2.034198284,-10.43001461,-0.961914718
2.019841433,-10.39172935,-0.923629522
2.005484581,-10.3534441,-0.734596551
2.034198284,-10.26730251,-0.573978305
2.067697763,-10.15962601,-0.38973099
2.132304192,-10.0399847,-0.243768811
2.278266191,-9.884152412,-0.037686955
2.429013968,-9.716654778,0.158524498
2.575275421,-9.561120987,0.345164657
2.711666346,-9.422337532,0.52492547
2.862414122,-9.276076317,0.73310101
3.017947674,-9.106185913,0.929312468
3.188137054,-9.003293991,1.176072359
3.343670607,-8.895617485,1.42971158
3.496811152,-8.833403587,1.676471353
3.637987614,-8.782855988,1.843968987
3.647558928,-8.79960537,1.913360834
3.532703638,-8.893224716,1.992323995
3.477668524,-9.000901222,2.023430586
3.542274714,-9.036793709,1.96839571
3.573381424,-9.036793709,1.908575177
3.614059448,-9.108578682,1.884646893
3.606881142,-9.173184395,1.786541224
3.575774431,-9.276076317,1.659721613
3.501596928,-9.388837814,1.582852125
3.369991541,-9.527621269,1.482353687
3.224029303,-9.618548393,1.389033556
3.092125177,-9.716654778,1.288534999
2.948555708,-9.795618057,1.233500123
2.781058073,-9.857831001,1.137787223
2.632703066,-9.929615974,1.041775107
2.469691992,-9.999306679,0.95802635
2.335694075,-10.02802086,0.888634503
2.194517374,-10.06869888,0.792921603
2.094018936,-10.1404829,0.706780016
2.02462697,-10.16441154,0.58953166
1.978864312,-10.1524477,0.48394838
1.940579176,-10.1333046,0.369092882
1.914258122,-10.12851906,0.304486692
2.005484581,-10.05673409,0.184845552
2.058126688,-9.949057579,0.108275227
2.175374985,-9.857831001,-0.006580262
2.297408819,-9.786046028,-0.095413804
2.431406975,-9.692726135,-0.171984121
2.599203587,-9.565906525,-0.258125752
2.754737139,-9.498908043,-0.305982202
2.895913601,-9.431908607,-0.322731942
3.017947674,-9.355039597,-0.231804699
3.080160856,-9.333503723,-0.188733891
3.142673492,-9.343074799,-0.088235334
3.219243765,-9.352646828,0.084346995
3.202493906,-9.367003441,0.211166605
3.185744286,-9.458230019,0.337986201
3.121138096,-9.506086349,0.457627326
3.07298255,-9.508479118,0.544068039
2.996412039,-9.606584549,0.596710146
2.900699139,-9.747760773,0.625424027
2.742773056,-9.872187614,0.632602513
2.556132793,-10.04477024,0.663709164
2.364407778,-10.23141098,0.678066135
2.192124605,-10.36301613,0.658923507
2.00787735,-10.53081226,0.68524456
1.835294962,-10.66241741,0.673280478
1.648654819,-10.78923702,0.661316335
1.526620865,-10.92562866,0.623031199
1.377966762,-11.02851963,0.630209684
1.260718465,-11.1125679,0.620638371
1.184148073,-11.15324497,0.565603435
1.112363458,-11.20588779,0.519840717
1.07647109,-11.17238808,0.457627326
1.035793066,-11.10538864,0.445663214
1.014257669,-11.04766178,0.424127817
1.002293587,-10.97348499,0.407378048
1.019043326,-10.90409279,0.443270385
1.033400297,-10.80598736,0.448056042
1.033400297,-10.7605238,0.421734989
1.059721351,-10.7054882,0.464805812
1.100399256,-10.61216831,0.495912492
1.105184913,-10.57866859,0.527318299
1.165005565,-10.52124119,0.570389092
1.217647672,-10.45633602,0.642173767
1.25353992,-10.39651489,0.73310101
1.279860973,-10.3654089,0.747457981
1.294217944,-10.36062336,0.773779035
1.315753341,-10.38215828,0.833599567
1.404287815,-10.35823059,0.864706278
1.445264935,-10.3654089,0.89342016
1.512263894,-10.36062336,0.948455095
1.531406522,-10.39172935,0.974776149
1.557727575,-10.39172935,0.974776149
1.576870084,-10.44915771,0.946062267
1.588834286,-10.48983574,0.9101699
1.603191137,-10.48504925,0.943669438
1.612762451,-10.51645565,0.929312468
1.617548108,-10.50209904,0.965204835
1.636690736,-10.54995537,0.946062267
1.619940877,-10.56670475,0.883848846
1.634297848,-10.59541893,0.881456018
1.564906001,-10.56431198,0.821635485
1.505085468,-10.58106136,0.757029235
1.421037555,-10.56909752,0.678066135
1.394716501,-10.55234814,0.623031199
1.306182027,-10.53320503,0.527318299
1.232004523,-10.48265648,0.460020155
1.196112275,-10.44676495,0.395413935
1.102792144,-10.38694382,0.333200544
1.040578723,-10.33430195,0.266201526
1.002293587,-10.25773144,0.125024989
0.851246655,-10.21466064,-0.025722843
0.688534737,-10.19551849,-0.183948234
0.537786901,-10.1404829,-0.32512477
0.382253408,-10.10219765,-0.468694121
0.259920359,-10.04237747,-0.547657311
0.099601239,-9.99691391,-0.646062136
-0.060717873,-9.963414192,-0.775274515
-0.18993029,-9.905687332,-0.844666421
-0.364905447,-9.900901794,-0.906879783
-0.546759963,-9.843474388,-0.957129061
-0.675972402,-9.83868885,-1.024128079
-0.814756095,-9.824331284,-1.064806104
-0.965803027,-9.80997467,-1.15094769
-1.090229869,-9.766903877,-1.182353497
-1.233799219,-9.79083252,-1.182353497
-1.363011599,-9.80997467,-1.230209947
-1.437488198,-9.802796364,-1.215852976
-1.490130305,-9.805189133,-1.249352574
-1.571486235,-9.783653259,-1.292423368
-1.628913999,-9.76211834,-1.237388372
-1.70548439,-9.759725571,-1.254138112
-1.810768485,-9.71186924,-1.246959686
-1.863410592,-9.702297211,-1.11984098
-1.80119729,-9.652048111,-0.933200836
-1.72223413,-9.652048111,-0.770488918
-1.633699656,-9.613762856,-0.643669307
-1.537986755,-9.613762856,-0.562014222
-1.463809252,-9.573084831,-0.483051062
-1.336690545,-9.558728218,-0.418444872
-1.262513041,-9.482157707,-0.377766877
-1.185942769,-9.446265221,-0.361017108
-1.049551845,-9.405587196,-0.353838652
-0.970588684,-9.352646828,-0.308375031
-0.867697299,-9.347860336,-0.296410918
-0.757328391,-9.321539879,-0.2222334
-0.673579574,-9.321539879,-0.160020009
-0.563509762,-9.311968803,-0.076271221
-0.474975288,-9.314361572,-0.01375873
-0.374476731,-9.311968803,0.065204419
-0.252143681,-9.302396774,0.141774744
-0.175573364,-9.333503723,0.237487644
-0.103788681,-9.355039597,0.321236432
-0.012861421,-9.36939621,0.357128769
0.068494551,-9.393623352,0.390628308
0.109172531,-9.403194427,0.412163705
0.173778743,-9.384052277,0.414556533
0.267098814,-9.388837814,0.433699101
0.310468733,-9.36939621,0.424127817
0.389431894,-9.345467567,0.407378048
0.42771706,-9.359825134,0.335593373
0.466002196,-9.384052277,0.266201526
0.470787853,-9.407979965,0.220737889
0.530608416,-9.400801659,0.249451757
0.521037102,-9.410373688,0.203988135
0.583250523,-9.446265221,0.065204419
0.647856712,-9.477372169,0.007776673
0.655035198,-9.494122505,-0.076271221
0.726819873,-9.489336014,-0.1265205
0.750748098,-9.491728783,-0.219840586
0.808175862,-9.479764938,-0.298803717
0.836889744,-9.470193863,-0.372981221